PÉRIODE DE RÉFÉRENCE;GÉO;DGUID;Groupe d'âge;Sexe;Indicateurs;Caractéristiques;UNITÉ DE MESURE;VALEUR
2018;Canada (sauf les territoires);;Total, 12 ans et plus;Les deux sexes;aucun besoin;Nombre de personnes;Nombre;24607300
2018;Canada (sauf les territoires);;Total, 12 ans et plus;Les deux sexes;tous les besoins satisfaits;Nombre de personnes;Nombre;3000500
2018;Canada (sauf les territoires);;Total, 12 ans et plus;Les deux sexes; besoins partiellement satisfaits ou besoins non satisfaits;Nombre de personnes;Nombre;2341200
2018;Canada (sauf les territoires);;Total, 12 ans et plus;Les deux sexes;besoins partiellement satisfaits;Nombre de personnes;Nombre;1195900
2018;Canada (sauf les territoires);;Total, 12 ans et plus;Les deux sexes; besoins non satisfaits;Nombre de personnes;Nombre;1145300
2018;Canada (sauf les territoires);;12 à 17 ans;Les deux sexes;aucun besoin;Nombre de personnes;Nombre;1707700
2018;Canada (sauf les territoires);;12 à 17 ans;Les deux sexes;tous les besoins satisfaits;Nombre de personnes;Nombre;281500
2018;Canada (sauf les territoires);;12 à 17 ans;Les deux sexes; besoins partiellement satisfaits ou besoins non satisfaits;Nombre de personnes;Nombre;121200
2018;Canada (sauf les territoires);;12 à 17 ans;Les deux sexes;besoins partiellement satisfaits;Nombre de personnes;Nombre;79600
2018;Canada (sauf les territoires);;12 à 17 ans;Les deux sexes; besoins non satisfaits;Nombre de personnes;Nombre;41600
2018;Canada (sauf les territoires);;18 à 34 ans;Les deux sexes;aucun besoin;Nombre de personnes;Nombre;6025100
2018;Canada (sauf les territoires);;18 à 34 ans;Les deux sexes;tous les besoins satisfaits;Nombre de personnes;Nombre;1002300
2018;Canada (sauf les territoires);;18 à 34 ans;Les deux sexes; besoins partiellement satisfaits ou besoins non satisfaits;Nombre de personnes;Nombre;980800
2018;Canada (sauf les territoires);;18 à 34 ans;Les deux sexes;besoins partiellement satisfaits;Nombre de personnes;Nombre;490700
2018;Canada (sauf les territoires);;18 à 34 ans;Les deux sexes; besoins non satisfaits;Nombre de personnes;Nombre;490100
2018;Canada (sauf les territoires);;35 à 49 ans;Les deux sexes;aucun besoin;Nombre de personnes;Nombre;5552100
2018;Canada (sauf les territoires);;35 à 49 ans;Les deux sexes;tous les besoins satisfaits;Nombre de personnes;Nombre;784500
2018;Canada (sauf les territoires);;35 à 49 ans;Les deux sexes; besoins partiellement satisfaits ou besoins non satisfaits;Nombre de personnes;Nombre;642200
2018;Canada (sauf les territoires);;35 à 49 ans;Les deux sexes;besoins partiellement satisfaits;Nombre de personnes;Nombre;340200
2018;Canada (sauf les territoires);;35 à 49 ans;Les deux sexes; besoins non satisfaits;Nombre de personnes;Nombre;302000
2018;Canada (sauf les territoires);;50 à 64 ans;Les deux sexes;aucun besoin;Nombre de personnes;Nombre;6228800
2018;Canada (sauf les territoires);;50 à 64 ans;Les deux sexes;tous les besoins satisfaits;Nombre de personnes;Nombre;649100
2018;Canada (sauf les territoires);;50 à 64 ans;Les deux sexes; besoins partiellement satisfaits ou besoins non satisfaits;Nombre de personnes;Nombre;441200
2018;Canada (sauf les territoires);;50 à 64 ans;Les deux sexes;besoins partiellement satisfaits;Nombre de personnes;Nombre;216800
2018;Canada (sauf les territoires);;50 à 64 ans;Les deux sexes; besoins non satisfaits;Nombre de personnes;Nombre;224500
2018;Canada (sauf les territoires);;65 ans et plus;Les deux sexes;aucun besoin;Nombre de personnes;Nombre;5093500
2018;Canada (sauf les territoires);;65 ans et plus;Les deux sexes;tous les besoins satisfaits;Nombre de personnes;Nombre;283000
2018;Canada (sauf les territoires);;65 ans et plus;Les deux sexes; besoins partiellement satisfaits ou besoins non satisfaits;Nombre de personnes;Nombre;155900
2018;Canada (sauf les territoires);;65 ans et plus;Les deux sexes;besoins partiellement satisfaits;Nombre de personnes;Nombre;68700
2018;Canada (sauf les territoires);;65 ans et plus;Les deux sexes; besoins non satisfaits;Nombre de personnes;Nombre;87200
2018;Terre-Neuve-et-Labrador;2016A000210;Total, 12 ans et plus;Les deux sexes;aucun besoin;Nombre de personnes;Nombre;368600
2018;Terre-Neuve-et-Labrador;2016A000210;Total, 12 ans et plus;Les deux sexes;tous les besoins satisfaits;Nombre de personnes;Nombre;38500
2018;Terre-Neuve-et-Labrador;2016A000210;Total, 12 ans et plus;Les deux sexes; besoins partiellement satisfaits ou besoins non satisfaits;Nombre de personnes;Nombre;26000
2018;Terre-Neuve-et-Labrador;2016A000210;Total, 12 ans et plus;Les deux sexes;besoins partiellement satisfaits;Nombre de personnes;Nombre;15500
2018;Terre-Neuve-et-Labrador;2016A000210;Total, 12 ans et plus;Les deux sexes; besoins non satisfaits;Nombre de personnes;Nombre;10500
2018;Terre-Neuve-et-Labrador;2016A000210;12 à 17 ans;Les deux sexes;aucun besoin;Nombre de personnes;Nombre;20800
2018;Terre-Neuve-et-Labrador;2016A000210;12 à 17 ans;Les deux sexes;tous les besoins satisfaits;Nombre de personnes;Nombre;5200
2018;Terre-Neuve-et-Labrador;2016A000210;12 à 17 ans;Les deux sexes; besoins partiellement satisfaits ou besoins non satisfaits;Nombre de personnes;Nombre;
2018;Terre-Neuve-et-Labrador;2016A000210;12 à 17 ans;Les deux sexes;besoins partiellement satisfaits;Nombre de personnes;Nombre;
2018;Terre-Neuve-et-Labrador;2016A000210;12 à 17 ans;Les deux sexes; besoins non satisfaits;Nombre de personnes;Nombre;
2018;Terre-Neuve-et-Labrador;2016A000210;18 à 34 ans;Les deux sexes;aucun besoin;Nombre de personnes;Nombre;74700
2018;Terre-Neuve-et-Labrador;2016A000210;18 à 34 ans;Les deux sexes;tous les besoins satisfaits;Nombre de personnes;Nombre;9900
2018;Terre-Neuve-et-Labrador;2016A000210;18 à 34 ans;Les deux sexes; besoins partiellement satisfaits ou besoins non satisfaits;Nombre de personnes;Nombre;9200
2018;Terre-Neuve-et-Labrador;2016A000210;18 à 34 ans;Les deux sexes;besoins partiellement satisfaits;Nombre de personnes;Nombre;5700
2018;Terre-Neuve-et-Labrador;2016A000210;18 à 34 ans;Les deux sexes; besoins non satisfaits;Nombre de personnes;Nombre;
2018;Terre-Neuve-et-Labrador;2016A000210;35 à 49 ans;Les deux sexes;aucun besoin;Nombre de personnes;Nombre;74900
2018;Terre-Neuve-et-Labrador;2016A000210;35 à 49 ans;Les deux sexes;tous les besoins satisfaits;Nombre de personnes;Nombre;10500
2018;Terre-Neuve-et-Labrador;2016A000210;35 à 49 ans;Les deux sexes; besoins partiellement satisfaits ou besoins non satisfaits;Nombre de personnes;Nombre;8500
2018;Terre-Neuve-et-Labrador;2016A000210;35 à 49 ans;Les deux sexes;besoins partiellement satisfaits;Nombre de personnes;Nombre;5900
2018;Terre-Neuve-et-Labrador;2016A000210;35 à 49 ans;Les deux sexes; besoins non satisfaits;Nombre de personnes;Nombre;
2018;Terre-Neuve-et-Labrador;2016A000210;50 à 64 ans;Les deux sexes;aucun besoin;Nombre de personnes;Nombre;107100
2018;Terre-Neuve-et-Labrador;2016A000210;50 à 64 ans;Les deux sexes;tous les besoins satisfaits;Nombre de personnes;Nombre;8700
2018;Terre-Neuve-et-Labrador;2016A000210;50 à 64 ans;Les deux sexes; besoins partiellement satisfaits ou besoins non satisfaits;Nombre de personnes;Nombre;6100
2018;Terre-Neuve-et-Labrador;2016A000210;50 à 64 ans;Les deux sexes;besoins partiellement satisfaits;Nombre de personnes;Nombre;
2018;Terre-Neuve-et-Labrador;2016A000210;50 à 64 ans;Les deux sexes; besoins non satisfaits;Nombre de personnes;Nombre;
2018;Terre-Neuve-et-Labrador;2016A000210;65 ans et plus;Les deux sexes;aucun besoin;Nombre de personnes;Nombre;91100
2018;Terre-Neuve-et-Labrador;2016A000210;65 ans et plus;Les deux sexes;tous les besoins satisfaits;Nombre de personnes;Nombre;4200
2018;Terre-Neuve-et-Labrador;2016A000210;65 ans et plus;Les deux sexes; besoins partiellement satisfaits ou besoins non satisfaits;Nombre de personnes;Nombre;
2018;Terre-Neuve-et-Labrador;2016A000210;65 ans et plus;Les deux sexes;besoins partiellement satisfaits;Nombre de personnes;Nombre;
2018;Terre-Neuve-et-Labrador;2016A000210;65 ans et plus;Les deux sexes; besoins non satisfaits;Nombre de personnes;Nombre;
2018;Île-du-Prince-Édouard;2016A000211;Total, 12 ans et plus;Les deux sexes;aucun besoin;Nombre de personnes;Nombre;107300
2018;Île-du-Prince-Édouard;2016A000211;Total, 12 ans et plus;Les deux sexes;tous les besoins satisfaits;Nombre de personnes;Nombre;9600
2018;Île-du-Prince-Édouard;2016A000211;Total, 12 ans et plus;Les deux sexes; besoins partiellement satisfaits ou besoins non satisfaits;Nombre de personnes;Nombre;8400
2018;Île-du-Prince-Édouard;2016A000211;Total, 12 ans et plus;Les deux sexes;besoins partiellement satisfaits;Nombre de personnes;Nombre;3900
2018;Île-du-Prince-Édouard;2016A000211;Total, 12 ans et plus;Les deux sexes; besoins non satisfaits;Nombre de personnes;Nombre;4500
2018;Île-du-Prince-Édouard;2016A000211;12 à 17 ans;Les deux sexes;aucun besoin;Nombre de personnes;Nombre;7900
2018;Île-du-Prince-Édouard;2016A000211;12 à 17 ans;Les deux sexes;tous les besoins satisfaits;Nombre de personnes;Nombre;
2018;Île-du-Prince-Édouard;2016A000211;12 à 17 ans;Les deux sexes; besoins partiellement satisfaits ou besoins non satisfaits;Nombre de personnes;Nombre;
2018;Île-du-Prince-Édouard;2016A000211;12 à 17 ans;Les deux sexes;besoins partiellement satisfaits;Nombre de personnes;Nombre;
2018;Île-du-Prince-Édouard;2016A000211;12 à 17 ans;Les deux sexes; besoins non satisfaits;Nombre de personnes;Nombre;
2018;Île-du-Prince-Édouard;2016A000211;18 à 34 ans;Les deux sexes;aucun besoin;Nombre de personnes;Nombre;22500
2018;Île-du-Prince-Édouard;2016A000211;18 à 34 ans;Les deux sexes;tous les besoins satisfaits;Nombre de personnes;Nombre;3700
2018;Île-du-Prince-Édouard;2016A000211;18 à 34 ans;Les deux sexes; besoins partiellement satisfaits ou besoins non satisfaits;Nombre de personnes;Nombre;2400
2018;Île-du-Prince-Édouard;2016A000211;18 à 34 ans;Les deux sexes;besoins partiellement satisfaits;Nombre de personnes;Nombre;
2018;Île-du-Prince-Édouard;2016A000211;18 à 34 ans;Les deux sexes; besoins non satisfaits;Nombre de personnes;Nombre;
2018;Île-du-Prince-Édouard;2016A000211;35 à 49 ans;Les deux sexes;aucun besoin;Nombre de personnes;Nombre;23500
2018;Île-du-Prince-Édouard;2016A000211;35 à 49 ans;Les deux sexes;tous les besoins satisfaits;Nombre de personnes;Nombre;1700
2018;Île-du-Prince-Édouard;2016A000211;35 à 49 ans;Les deux sexes; besoins partiellement satisfaits ou besoins non satisfaits;Nombre de personnes;Nombre;2700
2018;Île-du-Prince-Édouard;2016A000211;35 à 49 ans;Les deux sexes;besoins partiellement satisfaits;Nombre de personnes;Nombre;
2018;Île-du-Prince-Édouard;2016A000211;35 à 49 ans;Les deux sexes; besoins non satisfaits;Nombre de personnes;Nombre;
2018;Île-du-Prince-Édouard;2016A000211;50 à 64 ans;Les deux sexes;aucun besoin;Nombre de personnes;Nombre;29000
2018;Île-du-Prince-Édouard;2016A000211;50 à 64 ans;Les deux sexes;tous les besoins satisfaits;Nombre de personnes;Nombre;1600
2018;Île-du-Prince-Édouard;2016A000211;50 à 64 ans;Les deux sexes; besoins partiellement satisfaits ou besoins non satisfaits;Nombre de personnes;Nombre;2500
2018;Île-du-Prince-Édouard;2016A000211;50 à 64 ans;Les deux sexes;besoins partiellement satisfaits;Nombre de personnes;Nombre;
2018;Île-du-Prince-Édouard;2016A000211;50 à 64 ans;Les deux sexes; besoins non satisfaits;Nombre de personnes;Nombre;
2018;Île-du-Prince-Édouard;2016A000211;65 ans et plus;Les deux sexes;aucun besoin;Nombre de personnes;Nombre;24400
2018;Île-du-Prince-Édouard;2016A000211;65 ans et plus;Les deux sexes;tous les besoins satisfaits;Nombre de personnes;Nombre;1400
2018;Île-du-Prince-Édouard;2016A000211;65 ans et plus;Les deux sexes; besoins partiellement satisfaits ou besoins non satisfaits;Nombre de personnes;Nombre;
2018;Île-du-Prince-Édouard;2016A000211;65 ans et plus;Les deux sexes;besoins partiellement satisfaits;Nombre de personnes;Nombre;
2018;Île-du-Prince-Édouard;2016A000211;65 ans et plus;Les deux sexes; besoins non satisfaits;Nombre de personnes;Nombre;
2018;Nouvelle-Écosse;2016A000212;Total, 12 ans et plus;Les deux sexes;aucun besoin;Nombre de personnes;Nombre;629500
2018;Nouvelle-Écosse;2016A000212;Total, 12 ans et plus;Les deux sexes;tous les besoins satisfaits;Nombre de personnes;Nombre;94400
2018;Nouvelle-Écosse;2016A000212;Total, 12 ans et plus;Les deux sexes; besoins partiellement satisfaits ou besoins non satisfaits;Nombre de personnes;Nombre;61100
2018;Nouvelle-Écosse;2016A000212;Total, 12 ans et plus;Les deux sexes;besoins partiellement satisfaits;Nombre de personnes;Nombre;34100
2018;Nouvelle-Écosse;2016A000212;Total, 12 ans et plus;Les deux sexes; besoins non satisfaits;Nombre de personnes;Nombre;26900
2018;Nouvelle-Écosse;2016A000212;12 à 17 ans;Les deux sexes;aucun besoin;Nombre de personnes;Nombre;33600
2018;Nouvelle-Écosse;2016A000212;12 à 17 ans;Les deux sexes;tous les besoins satisfaits;Nombre de personnes;Nombre;10500
2018;Nouvelle-Écosse;2016A000212;12 à 17 ans;Les deux sexes; besoins partiellement satisfaits ou besoins non satisfaits;Nombre de personnes;Nombre;4500
2018;Nouvelle-Écosse;2016A000212;12 à 17 ans;Les deux sexes;besoins partiellement satisfaits;Nombre de personnes;Nombre;3500
2018;Nouvelle-Écosse;2016A000212;12 à 17 ans;Les deux sexes; besoins non satisfaits;Nombre de personnes;Nombre;
2018;Nouvelle-Écosse;2016A000212;18 à 34 ans;Les deux sexes;aucun besoin;Nombre de personnes;Nombre;139100
2018;Nouvelle-Écosse;2016A000212;18 à 34 ans;Les deux sexes;tous les besoins satisfaits;Nombre de personnes;Nombre;26400
2018;Nouvelle-Écosse;2016A000212;18 à 34 ans;Les deux sexes; besoins partiellement satisfaits ou besoins non satisfaits;Nombre de personnes;Nombre;24300
2018;Nouvelle-Écosse;2016A000212;18 à 34 ans;Les deux sexes;besoins partiellement satisfaits;Nombre de personnes;Nombre;11100
2018;Nouvelle-Écosse;2016A000212;18 à 34 ans;Les deux sexes; besoins non satisfaits;Nombre de personnes;Nombre;13200
2018;Nouvelle-Écosse;2016A000212;35 à 49 ans;Les deux sexes;aucun besoin;Nombre de personnes;Nombre;127600
2018;Nouvelle-Écosse;2016A000212;35 à 49 ans;Les deux sexes;tous les besoins satisfaits;Nombre de personnes;Nombre;25200
2018;Nouvelle-Écosse;2016A000212;35 à 49 ans;Les deux sexes; besoins partiellement satisfaits ou besoins non satisfaits;Nombre de personnes;Nombre;14800
2018;Nouvelle-Écosse;2016A000212;35 à 49 ans;Les deux sexes;besoins partiellement satisfaits;Nombre de personnes;Nombre;8900
2018;Nouvelle-Écosse;2016A000212;35 à 49 ans;Les deux sexes; besoins non satisfaits;Nombre de personnes;Nombre;5900
2018;Nouvelle-Écosse;2016A000212;50 à 64 ans;Les deux sexes;aucun besoin;Nombre de personnes;Nombre;178600
2018;Nouvelle-Écosse;2016A000212;50 à 64 ans;Les deux sexes;tous les besoins satisfaits;Nombre de personnes;Nombre;19600
2018;Nouvelle-Écosse;2016A000212;50 à 64 ans;Les deux sexes; besoins partiellement satisfaits ou besoins non satisfaits;Nombre de personnes;Nombre;11800
2018;Nouvelle-Écosse;2016A000212;50 à 64 ans;Les deux sexes;besoins partiellement satisfaits;Nombre de personnes;Nombre;7500
2018;Nouvelle-Écosse;2016A000212;50 à 64 ans;Les deux sexes; besoins non satisfaits;Nombre de personnes;Nombre;
2018;Nouvelle-Écosse;2016A000212;65 ans et plus;Les deux sexes;aucun besoin;Nombre de personnes;Nombre;150800
2018;Nouvelle-Écosse;2016A000212;65 ans et plus;Les deux sexes;tous les besoins satisfaits;Nombre de personnes;Nombre;12700
2018;Nouvelle-Écosse;2016A000212;65 ans et plus;Les deux sexes; besoins partiellement satisfaits ou besoins non satisfaits;Nombre de personnes;Nombre;5700
2018;Nouvelle-Écosse;2016A000212;65 ans et plus;Les deux sexes;besoins partiellement satisfaits;Nombre de personnes;Nombre;3200
2018;Nouvelle-Écosse;2016A000212;65 ans et plus;Les deux sexes; besoins non satisfaits;Nombre de personnes;Nombre;2500
2018;Nouveau-Brunswick;2016A000213;Total, 12 ans et plus;Les deux sexes;aucun besoin;Nombre de personnes;Nombre;501400
2018;Nouveau-Brunswick;2016A000213;Total, 12 ans et plus;Les deux sexes;tous les besoins satisfaits;Nombre de personnes;Nombre;68900
2018;Nouveau-Brunswick;2016A000213;Total, 12 ans et plus;Les deux sexes; besoins partiellement satisfaits ou besoins non satisfaits;Nombre de personnes;Nombre;38700
2018;Nouveau-Brunswick;2016A000213;Total, 12 ans et plus;Les deux sexes;besoins partiellement satisfaits;Nombre de personnes;Nombre;20100
2018;Nouveau-Brunswick;2016A000213;Total, 12 ans et plus;Les deux sexes; besoins non satisfaits;Nombre de personnes;Nombre;18600
2018;Nouveau-Brunswick;2016A000213;12 à 17 ans;Les deux sexes;aucun besoin;Nombre de personnes;Nombre;30500
2018;Nouveau-Brunswick;2016A000213;12 à 17 ans;Les deux sexes;tous les besoins satisfaits;Nombre de personnes;Nombre;5200
2018;Nouveau-Brunswick;2016A000213;12 à 17 ans;Les deux sexes; besoins partiellement satisfaits ou besoins non satisfaits;Nombre de personnes;Nombre;
2018;Nouveau-Brunswick;2016A000213;12 à 17 ans;Les deux sexes;besoins partiellement satisfaits;Nombre de personnes;Nombre;
2018;Nouveau-Brunswick;2016A000213;12 à 17 ans;Les deux sexes; besoins non satisfaits;Nombre de personnes;Nombre;
2018;Nouveau-Brunswick;2016A000213;18 à 34 ans;Les deux sexes;aucun besoin;Nombre de personnes;Nombre;95700
2018;Nouveau-Brunswick;2016A000213;18 à 34 ans;Les deux sexes;tous les besoins satisfaits;Nombre de personnes;Nombre;22400
2018;Nouveau-Brunswick;2016A000213;18 à 34 ans;Les deux sexes; besoins partiellement satisfaits ou besoins non satisfaits;Nombre de personnes;Nombre;14200
2018;Nouveau-Brunswick;2016A000213;18 à 34 ans;Les deux sexes;besoins partiellement satisfaits;Nombre de personnes;Nombre;7200
2018;Nouveau-Brunswick;2016A000213;18 à 34 ans;Les deux sexes; besoins non satisfaits;Nombre de personnes;Nombre;7000
2018;Nouveau-Brunswick;2016A000213;35 à 49 ans;Les deux sexes;aucun besoin;Nombre de personnes;Nombre;110800
2018;Nouveau-Brunswick;2016A000213;35 à 49 ans;Les deux sexes;tous les besoins satisfaits;Nombre de personnes;Nombre;17800
2018;Nouveau-Brunswick;2016A000213;35 à 49 ans;Les deux sexes; besoins partiellement satisfaits ou besoins non satisfaits;Nombre de personnes;Nombre;9700
2018;Nouveau-Brunswick;2016A000213;35 à 49 ans;Les deux sexes;besoins partiellement satisfaits;Nombre de personnes;Nombre;
2018;Nouveau-Brunswick;2016A000213;35 à 49 ans;Les deux sexes; besoins non satisfaits;Nombre de personnes;Nombre;
2018;Nouveau-Brunswick;2016A000213;50 à 64 ans;Les deux sexes;aucun besoin;Nombre de personnes;Nombre;141600
2018;Nouveau-Brunswick;2016A000213;50 à 64 ans;Les deux sexes;tous les besoins satisfaits;Nombre de personnes;Nombre;17900
2018;Nouveau-Brunswick;2016A000213;50 à 64 ans;Les deux sexes; besoins partiellement satisfaits ou besoins non satisfaits;Nombre de personnes;Nombre;6100
2018;Nouveau-Brunswick;2016A000213;50 à 64 ans;Les deux sexes;besoins partiellement satisfaits;Nombre de personnes;Nombre;4600
2018;Nouveau-Brunswick;2016A000213;50 à 64 ans;Les deux sexes; besoins non satisfaits;Nombre de personnes;Nombre;
2018;Nouveau-Brunswick;2016A000213;65 ans et plus;Les deux sexes;aucun besoin;Nombre de personnes;Nombre;122900
2018;Nouveau-Brunswick;2016A000213;65 ans et plus;Les deux sexes;tous les besoins satisfaits;Nombre de personnes;Nombre;5600
2018;Nouveau-Brunswick;2016A000213;65 ans et plus;Les deux sexes; besoins partiellement satisfaits ou besoins non satisfaits;Nombre de personnes;Nombre;6100
2018;Nouveau-Brunswick;2016A000213;65 ans et plus;Les deux sexes;besoins partiellement satisfaits;Nombre de personnes;Nombre;
2018;Nouveau-Brunswick;2016A000213;65 ans et plus;Les deux sexes; besoins non satisfaits;Nombre de personnes;Nombre;
2018;Québec;2016A000224;Total, 12 ans et plus;Les deux sexes;aucun besoin;Nombre de personnes;Nombre;5774400
2018;Québec;2016A000224;Total, 12 ans et plus;Les deux sexes;tous les besoins satisfaits;Nombre de personnes;Nombre;726700
2018;Québec;2016A000224;Total, 12 ans et plus;Les deux sexes; besoins partiellement satisfaits ou besoins non satisfaits;Nombre de personnes;Nombre;462500
2018;Québec;2016A000224;Total, 12 ans et plus;Les deux sexes;besoins partiellement satisfaits;Nombre de personnes;Nombre;236200
2018;Québec;2016A000224;Total, 12 ans et plus;Les deux sexes; besoins non satisfaits;Nombre de personnes;Nombre;226300
2018;Québec;2016A000224;12 à 17 ans;Les deux sexes;aucun besoin;Nombre de personnes;Nombre;379200
2018;Québec;2016A000224;12 à 17 ans;Les deux sexes;tous les besoins satisfaits;Nombre de personnes;Nombre;63400
2018;Québec;2016A000224;12 à 17 ans;Les deux sexes; besoins partiellement satisfaits ou besoins non satisfaits;Nombre de personnes;Nombre;22700
2018;Québec;2016A000224;12 à 17 ans;Les deux sexes;besoins partiellement satisfaits;Nombre de personnes;Nombre;16500
2018;Québec;2016A000224;12 à 17 ans;Les deux sexes; besoins non satisfaits;Nombre de personnes;Nombre;6200
2018;Québec;2016A000224;18 à 34 ans;Les deux sexes;aucun besoin;Nombre de personnes;Nombre;1327900
2018;Québec;2016A000224;18 à 34 ans;Les deux sexes;tous les besoins satisfaits;Nombre de personnes;Nombre;206400
2018;Québec;2016A000224;18 à 34 ans;Les deux sexes; besoins partiellement satisfaits ou besoins non satisfaits;Nombre de personnes;Nombre;179800
2018;Québec;2016A000224;18 à 34 ans;Les deux sexes;besoins partiellement satisfaits;Nombre de personnes;Nombre;101700
2018;Québec;2016A000224;18 à 34 ans;Les deux sexes; besoins non satisfaits;Nombre de personnes;Nombre;78100
2018;Québec;2016A000224;35 à 49 ans;Les deux sexes;aucun besoin;Nombre de personnes;Nombre;1277800
2018;Québec;2016A000224;35 à 49 ans;Les deux sexes;tous les besoins satisfaits;Nombre de personnes;Nombre;209600
2018;Québec;2016A000224;35 à 49 ans;Les deux sexes; besoins partiellement satisfaits ou besoins non satisfaits;Nombre de personnes;Nombre;131300
2018;Québec;2016A000224;35 à 49 ans;Les deux sexes;besoins partiellement satisfaits;Nombre de personnes;Nombre;60000
2018;Québec;2016A000224;35 à 49 ans;Les deux sexes; besoins non satisfaits;Nombre de personnes;Nombre;71300
2018;Québec;2016A000224;50 à 64 ans;Les deux sexes;aucun besoin;Nombre de personnes;Nombre;1478700
2018;Québec;2016A000224;50 à 64 ans;Les deux sexes;tous les besoins satisfaits;Nombre de personnes;Nombre;171300
2018;Québec;2016A000224;50 à 64 ans;Les deux sexes; besoins partiellement satisfaits ou besoins non satisfaits;Nombre de personnes;Nombre;99300
2018;Québec;2016A000224;50 à 64 ans;Les deux sexes;besoins partiellement satisfaits;Nombre de personnes;Nombre;46300
2018;Québec;2016A000224;50 à 64 ans;Les deux sexes; besoins non satisfaits;Nombre de personnes;Nombre;53000
2018;Québec;2016A000224;65 ans et plus;Les deux sexes;aucun besoin;Nombre de personnes;Nombre;1310900
2018;Québec;2016A000224;65 ans et plus;Les deux sexes;tous les besoins satisfaits;Nombre de personnes;Nombre;76000
2018;Québec;2016A000224;65 ans et plus;Les deux sexes; besoins partiellement satisfaits ou besoins non satisfaits;Nombre de personnes;Nombre;29500
2018;Québec;2016A000224;65 ans et plus;Les deux sexes;besoins partiellement satisfaits;Nombre de personnes;Nombre;11700
2018;Québec;2016A000224;65 ans et plus;Les deux sexes; besoins non satisfaits;Nombre de personnes;Nombre;17800
2018;Ontario;2016A000235;Total, 12 ans et plus;Les deux sexes;aucun besoin;Nombre de personnes;Nombre;9712100
2018;Ontario;2016A000235;Total, 12 ans et plus;Les deux sexes;tous les besoins satisfaits;Nombre de personnes;Nombre;1069500
2018;Ontario;2016A000235;Total, 12 ans et plus;Les deux sexes; besoins partiellement satisfaits ou besoins non satisfaits;Nombre de personnes;Nombre;915100
2018;Ontario;2016A000235;Total, 12 ans et plus;Les deux sexes;besoins partiellement satisfaits;Nombre de personnes;Nombre;447400
2018;Ontario;2016A000235;Total, 12 ans et plus;Les deux sexes; besoins non satisfaits;Nombre de personnes;Nombre;467700
2018;Ontario;2016A000235;12 à 17 ans;Les deux sexes;aucun besoin;Nombre de personnes;Nombre;693300
2018;Ontario;2016A000235;12 à 17 ans;Les deux sexes;tous les besoins satisfaits;Nombre de personnes;Nombre;98700
2018;Ontario;2016A000235;12 à 17 ans;Les deux sexes; besoins partiellement satisfaits ou besoins non satisfaits;Nombre de personnes;Nombre;48000
2018;Ontario;2016A000235;12 à 17 ans;Les deux sexes;besoins partiellement satisfaits;Nombre de personnes;Nombre;29600
2018;Ontario;2016A000235;12 à 17 ans;Les deux sexes; besoins non satisfaits;Nombre de personnes;Nombre;18400
2018;Ontario;2016A000235;18 à 34 ans;Les deux sexes;aucun besoin;Nombre de personnes;Nombre;2463400
2018;Ontario;2016A000235;18 à 34 ans;Les deux sexes;tous les besoins satisfaits;Nombre de personnes;Nombre;365900
2018;Ontario;2016A000235;18 à 34 ans;Les deux sexes; besoins partiellement satisfaits ou besoins non satisfaits;Nombre de personnes;Nombre;404500
2018;Ontario;2016A000235;18 à 34 ans;Les deux sexes;besoins partiellement satisfaits;Nombre de personnes;Nombre;181900
2018;Ontario;2016A000235;18 à 34 ans;Les deux sexes; besoins non satisfaits;Nombre de personnes;Nombre;222600
2018;Ontario;2016A000235;35 à 49 ans;Les deux sexes;aucun besoin;Nombre de personnes;Nombre;2173200
2018;Ontario;2016A000235;35 à 49 ans;Les deux sexes;tous les besoins satisfaits;Nombre de personnes;Nombre;259600
2018;Ontario;2016A000235;35 à 49 ans;Les deux sexes; besoins partiellement satisfaits ou besoins non satisfaits;Nombre de personnes;Nombre;227900
2018;Ontario;2016A000235;35 à 49 ans;Les deux sexes;besoins partiellement satisfaits;Nombre de personnes;Nombre;124200
2018;Ontario;2016A000235;35 à 49 ans;Les deux sexes; besoins non satisfaits;Nombre de personnes;Nombre;103700
2018;Ontario;2016A000235;50 à 64 ans;Les deux sexes;aucun besoin;Nombre de personnes;Nombre;2439100
2018;Ontario;2016A000235;50 à 64 ans;Les deux sexes;tous les besoins satisfaits;Nombre de personnes;Nombre;242900
2018;Ontario;2016A000235;50 à 64 ans;Les deux sexes; besoins partiellement satisfaits ou besoins non satisfaits;Nombre de personnes;Nombre;177700
2018;Ontario;2016A000235;50 à 64 ans;Les deux sexes;besoins partiellement satisfaits;Nombre de personnes;Nombre;86800
2018;Ontario;2016A000235;50 à 64 ans;Les deux sexes; besoins non satisfaits;Nombre de personnes;Nombre;90900
2018;Ontario;2016A000235;65 ans et plus;Les deux sexes;aucun besoin;Nombre de personnes;Nombre;1943200
2018;Ontario;2016A000235;65 ans et plus;Les deux sexes;tous les besoins satisfaits;Nombre de personnes;Nombre;102400
2018;Ontario;2016A000235;65 ans et plus;Les deux sexes; besoins partiellement satisfaits ou besoins non satisfaits;Nombre de personnes;Nombre;57000
2018;Ontario;2016A000235;65 ans et plus;Les deux sexes;besoins partiellement satisfaits;Nombre de personnes;Nombre;25000
2018;Ontario;2016A000235;65 ans et plus;Les deux sexes; besoins non satisfaits;Nombre de personnes;Nombre;32000
2018;Manitoba;2016A000246;Total, 12 ans et plus;Les deux sexes;aucun besoin;Nombre de personnes;Nombre;832200
2018;Manitoba;2016A000246;Total, 12 ans et plus;Les deux sexes;tous les besoins satisfaits;Nombre de personnes;Nombre;106900
2018;Manitoba;2016A000246;Total, 12 ans et plus;Les deux sexes; besoins partiellement satisfaits ou besoins non satisfaits;Nombre de personnes;Nombre;85900
2018;Manitoba;2016A000246;Total, 12 ans et plus;Les deux sexes;besoins partiellement satisfaits;Nombre de personnes;Nombre;49100
2018;Manitoba;2016A000246;Total, 12 ans et plus;Les deux sexes; besoins non satisfaits;Nombre de personnes;Nombre;36700
2018;Manitoba;2016A000246;12 à 17 ans;Les deux sexes;aucun besoin;Nombre de personnes;Nombre;68100
2018;Manitoba;2016A000246;12 à 17 ans;Les deux sexes;tous les besoins satisfaits;Nombre de personnes;Nombre;6100
2018;Manitoba;2016A000246;12 à 17 ans;Les deux sexes; besoins partiellement satisfaits ou besoins non satisfaits;Nombre de personnes;Nombre;7500
2018;Manitoba;2016A000246;12 à 17 ans;Les deux sexes;besoins partiellement satisfaits;Nombre de personnes;Nombre;
2018;Manitoba;2016A000246;12 à 17 ans;Les deux sexes; besoins non satisfaits;Nombre de personnes;Nombre;
2018;Manitoba;2016A000246;18 à 34 ans;Les deux sexes;aucun besoin;Nombre de personnes;Nombre;220300
2018;Manitoba;2016A000246;18 à 34 ans;Les deux sexes;tous les besoins satisfaits;Nombre de personnes;Nombre;43000
2018;Manitoba;2016A000246;18 à 34 ans;Les deux sexes; besoins partiellement satisfaits ou besoins non satisfaits;Nombre de personnes;Nombre;33300
2018;Manitoba;2016A000246;18 à 34 ans;Les deux sexes;besoins partiellement satisfaits;Nombre de personnes;Nombre;18900
2018;Manitoba;2016A000246;18 à 34 ans;Les deux sexes; besoins non satisfaits;Nombre de personnes;Nombre;14400
2018;Manitoba;2016A000246;35 à 49 ans;Les deux sexes;aucun besoin;Nombre de personnes;Nombre;187200
2018;Manitoba;2016A000246;35 à 49 ans;Les deux sexes;tous les besoins satisfaits;Nombre de personnes;Nombre;31900
2018;Manitoba;2016A000246;35 à 49 ans;Les deux sexes; besoins partiellement satisfaits ou besoins non satisfaits;Nombre de personnes;Nombre;17300
2018;Manitoba;2016A000246;35 à 49 ans;Les deux sexes;besoins partiellement satisfaits;Nombre de personnes;Nombre;9900
2018;Manitoba;2016A000246;35 à 49 ans;Les deux sexes; besoins non satisfaits;Nombre de personnes;Nombre;7400
2018;Manitoba;2016A000246;50 à 64 ans;Les deux sexes;aucun besoin;Nombre de personnes;Nombre;194000
2018;Manitoba;2016A000246;50 à 64 ans;Les deux sexes;tous les besoins satisfaits;Nombre de personnes;Nombre;18100
2018;Manitoba;2016A000246;50 à 64 ans;Les deux sexes; besoins partiellement satisfaits ou besoins non satisfaits;Nombre de personnes;Nombre;21200
2018;Manitoba;2016A000246;50 à 64 ans;Les deux sexes;besoins partiellement satisfaits;Nombre de personnes;Nombre;14100
2018;Manitoba;2016A000246;50 à 64 ans;Les deux sexes; besoins non satisfaits;Nombre de personnes;Nombre;7100
2018;Manitoba;2016A000246;65 ans et plus;Les deux sexes;aucun besoin;Nombre de personnes;Nombre;162500
2018;Manitoba;2016A000246;65 ans et plus;Les deux sexes;tous les besoins satisfaits;Nombre de personnes;Nombre;7900
2018;Manitoba;2016A000246;65 ans et plus;Les deux sexes; besoins partiellement satisfaits ou besoins non satisfaits;Nombre de personnes;Nombre;6500
2018;Manitoba;2016A000246;65 ans et plus;Les deux sexes;besoins partiellement satisfaits;Nombre de personnes;Nombre;
2018;Manitoba;2016A000246;65 ans et plus;Les deux sexes; besoins non satisfaits;Nombre de personnes;Nombre;
2018;Saskatchewan;2016A000247;Total, 12 ans et plus;Les deux sexes;aucun besoin;Nombre de personnes;Nombre;742900
2018;Saskatchewan;2016A000247;Total, 12 ans et plus;Les deux sexes;tous les besoins satisfaits;Nombre de personnes;Nombre;88900
2018;Saskatchewan;2016A000247;Total, 12 ans et plus;Les deux sexes; besoins partiellement satisfaits ou besoins non satisfaits;Nombre de personnes;Nombre;58700
2018;Saskatchewan;2016A000247;Total, 12 ans et plus;Les deux sexes;besoins partiellement satisfaits;Nombre de personnes;Nombre;31100
2018;Saskatchewan;2016A000247;Total, 12 ans et plus;Les deux sexes; besoins non satisfaits;Nombre de personnes;Nombre;27600
2018;Saskatchewan;2016A000247;12 à 17 ans;Les deux sexes;aucun besoin;Nombre de personnes;Nombre;57600
2018;Saskatchewan;2016A000247;12 à 17 ans;Les deux sexes;tous les besoins satisfaits;Nombre de personnes;Nombre;7800
2018;Saskatchewan;2016A000247;12 à 17 ans;Les deux sexes; besoins partiellement satisfaits ou besoins non satisfaits;Nombre de personnes;Nombre;
2018;Saskatchewan;2016A000247;12 à 17 ans;Les deux sexes;besoins partiellement satisfaits;Nombre de personnes;Nombre;
2018;Saskatchewan;2016A000247;12 à 17 ans;Les deux sexes; besoins non satisfaits;Nombre de personnes;Nombre;
2018;Saskatchewan;2016A000247;18 à 34 ans;Les deux sexes;aucun besoin;Nombre de personnes;Nombre;196600
2018;Saskatchewan;2016A000247;18 à 34 ans;Les deux sexes;tous les besoins satisfaits;Nombre de personnes;Nombre;33700
2018;Saskatchewan;2016A000247;18 à 34 ans;Les deux sexes; besoins partiellement satisfaits ou besoins non satisfaits;Nombre de personnes;Nombre;22300
2018;Saskatchewan;2016A000247;18 à 34 ans;Les deux sexes;besoins partiellement satisfaits;Nombre de personnes;Nombre;12700
2018;Saskatchewan;2016A000247;18 à 34 ans;Les deux sexes; besoins non satisfaits;Nombre de personnes;Nombre;9500
2018;Saskatchewan;2016A000247;35 à 49 ans;Les deux sexes;aucun besoin;Nombre de personnes;Nombre;165500
2018;Saskatchewan;2016A000247;35 à 49 ans;Les deux sexes;tous les besoins satisfaits;Nombre de personnes;Nombre;27100
2018;Saskatchewan;2016A000247;35 à 49 ans;Les deux sexes; besoins partiellement satisfaits ou besoins non satisfaits;Nombre de personnes;Nombre;17500
2018;Saskatchewan;2016A000247;35 à 49 ans;Les deux sexes;besoins partiellement satisfaits;Nombre de personnes;Nombre;9900
2018;Saskatchewan;2016A000247;35 à 49 ans;Les deux sexes; besoins non satisfaits;Nombre de personnes;Nombre;7600
2018;Saskatchewan;2016A000247;50 à 64 ans;Les deux sexes;aucun besoin;Nombre de personnes;Nombre;180700
2018;Saskatchewan;2016A000247;50 à 64 ans;Les deux sexes;tous les besoins satisfaits;Nombre de personnes;Nombre;10700
2018;Saskatchewan;2016A000247;50 à 64 ans;Les deux sexes; besoins partiellement satisfaits ou besoins non satisfaits;Nombre de personnes;Nombre;11300
2018;Saskatchewan;2016A000247;50 à 64 ans;Les deux sexes;besoins partiellement satisfaits;Nombre de personnes;Nombre;
2018;Saskatchewan;2016A000247;50 à 64 ans;Les deux sexes; besoins non satisfaits;Nombre de personnes;Nombre;7600
2018;Saskatchewan;2016A000247;65 ans et plus;Les deux sexes;aucun besoin;Nombre de personnes;Nombre;142600
2018;Saskatchewan;2016A000247;65 ans et plus;Les deux sexes;tous les besoins satisfaits;Nombre de personnes;Nombre;9600
2018;Saskatchewan;2016A000247;65 ans et plus;Les deux sexes; besoins partiellement satisfaits ou besoins non satisfaits;Nombre de personnes;Nombre;3900
2018;Saskatchewan;2016A000247;65 ans et plus;Les deux sexes;besoins partiellement satisfaits;Nombre de personnes;Nombre;
2018;Saskatchewan;2016A000247;65 ans et plus;Les deux sexes; besoins non satisfaits;Nombre de personnes;Nombre;
2018;Alberta;2016A000248;Total, 12 ans et plus;Les deux sexes;aucun besoin;Nombre de personnes;Nombre;2733000
2018;Alberta;2016A000248;Total, 12 ans et plus;Les deux sexes;tous les besoins satisfaits;Nombre de personnes;Nombre;443400
2018;Alberta;2016A000248;Total, 12 ans et plus;Les deux sexes; besoins partiellement satisfaits ou besoins non satisfaits;Nombre de personnes;Nombre;316000
2018;Alberta;2016A000248;Total, 12 ans et plus;Les deux sexes;besoins partiellement satisfaits;Nombre de personnes;Nombre;157800
2018;Alberta;2016A000248;Total, 12 ans et plus;Les deux sexes; besoins non satisfaits;Nombre de personnes;Nombre;158200
2018;Alberta;2016A000248;12 à 17 ans;Les deux sexes;aucun besoin;Nombre de personnes;Nombre;194700
2018;Alberta;2016A000248;12 à 17 ans;Les deux sexes;tous les besoins satisfaits;Nombre de personnes;Nombre;52200
2018;Alberta;2016A000248;12 à 17 ans;Les deux sexes; besoins partiellement satisfaits ou besoins non satisfaits;Nombre de personnes;Nombre;19400
2018;Alberta;2016A000248;12 à 17 ans;Les deux sexes;besoins partiellement satisfaits;Nombre de personnes;Nombre;12500
2018;Alberta;2016A000248;12 à 17 ans;Les deux sexes; besoins non satisfaits;Nombre de personnes;Nombre;6900
2018;Alberta;2016A000248;18 à 34 ans;Les deux sexes;aucun besoin;Nombre de personnes;Nombre;733300
2018;Alberta;2016A000248;18 à 34 ans;Les deux sexes;tous les besoins satisfaits;Nombre de personnes;Nombre;166400
2018;Alberta;2016A000248;18 à 34 ans;Les deux sexes; besoins partiellement satisfaits ou besoins non satisfaits;Nombre de personnes;Nombre;129700
2018;Alberta;2016A000248;18 à 34 ans;Les deux sexes;besoins partiellement satisfaits;Nombre de personnes;Nombre;65300
2018;Alberta;2016A000248;18 à 34 ans;Les deux sexes; besoins non satisfaits;Nombre de personnes;Nombre;64300
2018;Alberta;2016A000248;35 à 49 ans;Les deux sexes;aucun besoin;Nombre de personnes;Nombre;706100
2018;Alberta;2016A000248;35 à 49 ans;Les deux sexes;tous les besoins satisfaits;Nombre de personnes;Nombre;121600
2018;Alberta;2016A000248;35 à 49 ans;Les deux sexes; besoins partiellement satisfaits ou besoins non satisfaits;Nombre de personnes;Nombre;92100
2018;Alberta;2016A000248;35 à 49 ans;Les deux sexes;besoins partiellement satisfaits;Nombre de personnes;Nombre;46800
2018;Alberta;2016A000248;35 à 49 ans;Les deux sexes; besoins non satisfaits;Nombre de personnes;Nombre;45300
2018;Alberta;2016A000248;50 à 64 ans;Les deux sexes;aucun besoin;Nombre de personnes;Nombre;654400
2018;Alberta;2016A000248;50 à 64 ans;Les deux sexes;tous les besoins satisfaits;Nombre de personnes;Nombre;77700
2018;Alberta;2016A000248;50 à 64 ans;Les deux sexes; besoins partiellement satisfaits ou besoins non satisfaits;Nombre de personnes;Nombre;56600
2018;Alberta;2016A000248;50 à 64 ans;Les deux sexes;besoins partiellement satisfaits;Nombre de personnes;Nombre;23000
2018;Alberta;2016A000248;50 à 64 ans;Les deux sexes; besoins non satisfaits;Nombre de personnes;Nombre;33500
2018;Alberta;2016A000248;65 ans et plus;Les deux sexes;aucun besoin;Nombre de personnes;Nombre;444600
2018;Alberta;2016A000248;65 ans et plus;Les deux sexes;tous les besoins satisfaits;Nombre de personnes;Nombre;25400
2018;Alberta;2016A000248;65 ans et plus;Les deux sexes; besoins partiellement satisfaits ou besoins non satisfaits;Nombre de personnes;Nombre;18300
2018;Alberta;2016A000248;65 ans et plus;Les deux sexes;besoins partiellement satisfaits;Nombre de personnes;Nombre;
2018;Alberta;2016A000248;65 ans et plus;Les deux sexes; besoins non satisfaits;Nombre de personnes;Nombre;8200
2018;Colombie-Britannique;2016A000259;Total, 12 ans et plus;Les deux sexes;aucun besoin;Nombre de personnes;Nombre;3205700
2018;Colombie-Britannique;2016A000259;Total, 12 ans et plus;Les deux sexes;tous les besoins satisfaits;Nombre de personnes;Nombre;353600
2018;Colombie-Britannique;2016A000259;Total, 12 ans et plus;Les deux sexes; besoins partiellement satisfaits ou besoins non satisfaits;Nombre de personnes;Nombre;369000
2018;Colombie-Britannique;2016A000259;Total, 12 ans et plus;Les deux sexes;besoins partiellement satisfaits;Nombre de personnes;Nombre;200700
2018;Colombie-Britannique;2016A000259;Total, 12 ans et plus;Les deux sexes; besoins non satisfaits;Nombre de personnes;Nombre;168200
2018;Colombie-Britannique;2016A000259;12 à 17 ans;Les deux sexes;aucun besoin;Nombre de personnes;Nombre;222100
2018;Colombie-Britannique;2016A000259;12 à 17 ans;Les deux sexes;tous les besoins satisfaits;Nombre de personnes;Nombre;31200
2018;Colombie-Britannique;2016A000259;12 à 17 ans;Les deux sexes; besoins partiellement satisfaits ou besoins non satisfaits;Nombre de personnes;Nombre;12200
2018;Colombie-Britannique;2016A000259;12 à 17 ans;Les deux sexes;besoins partiellement satisfaits;Nombre de personnes;Nombre;
2018;Colombie-Britannique;2016A000259;12 à 17 ans;Les deux sexes; besoins non satisfaits;Nombre de personnes;Nombre;3400
2018;Colombie-Britannique;2016A000259;18 à 34 ans;Les deux sexes;aucun besoin;Nombre de personnes;Nombre;751800
2018;Colombie-Britannique;2016A000259;18 à 34 ans;Les deux sexes;tous les besoins satisfaits;Nombre de personnes;Nombre;124500
2018;Colombie-Britannique;2016A000259;18 à 34 ans;Les deux sexes; besoins partiellement satisfaits ou besoins non satisfaits;Nombre de personnes;Nombre;161100
2018;Colombie-Britannique;2016A000259;18 à 34 ans;Les deux sexes;besoins partiellement satisfaits;Nombre de personnes;Nombre;85200
2018;Colombie-Britannique;2016A000259;18 à 34 ans;Les deux sexes; besoins non satisfaits;Nombre de personnes;Nombre;75900
2018;Colombie-Britannique;2016A000259;35 à 49 ans;Les deux sexes;aucun besoin;Nombre de personnes;Nombre;705600
2018;Colombie-Britannique;2016A000259;35 à 49 ans;Les deux sexes;tous les besoins satisfaits;Nombre de personnes;Nombre;79600
2018;Colombie-Britannique;2016A000259;35 à 49 ans;Les deux sexes; besoins partiellement satisfaits ou besoins non satisfaits;Nombre de personnes;Nombre;120400
2018;Colombie-Britannique;2016A000259;35 à 49 ans;Les deux sexes;besoins partiellement satisfaits;Nombre de personnes;Nombre;68300
2018;Colombie-Britannique;2016A000259;35 à 49 ans;Les deux sexes; besoins non satisfaits;Nombre de personnes;Nombre;52000
2018;Colombie-Britannique;2016A000259;50 à 64 ans;Les deux sexes;aucun besoin;Nombre de personnes;Nombre;825600
2018;Colombie-Britannique;2016A000259;50 à 64 ans;Les deux sexes;tous les besoins satisfaits;Nombre de personnes;Nombre;80500
2018;Colombie-Britannique;2016A000259;50 à 64 ans;Les deux sexes; besoins partiellement satisfaits ou besoins non satisfaits;Nombre de personnes;Nombre;48600
2018;Colombie-Britannique;2016A000259;50 à 64 ans;Les deux sexes;besoins partiellement satisfaits;Nombre de personnes;Nombre;26300
2018;Colombie-Britannique;2016A000259;50 à 64 ans;Les deux sexes; besoins non satisfaits;Nombre de personnes;Nombre;22300
2018;Colombie-Britannique;2016A000259;65 ans et plus;Les deux sexes;aucun besoin;Nombre de personnes;Nombre;700600
2018;Colombie-Britannique;2016A000259;65 ans et plus;Les deux sexes;tous les besoins satisfaits;Nombre de personnes;Nombre;37800
2018;Colombie-Britannique;2016A000259;65 ans et plus;Les deux sexes; besoins partiellement satisfaits ou besoins non satisfaits;Nombre de personnes;Nombre;26700
2018;Colombie-Britannique;2016A000259;65 ans et plus;Les deux sexes;besoins partiellement satisfaits;Nombre de personnes;Nombre;12100
2018;Colombie-Britannique;2016A000259;65 ans et plus;Les deux sexes; besoins non satisfaits;Nombre de personnes;Nombre;14700
