COUNTRY;ISO3;WHO_REGION;DATA_SOURCE;DATE_UPDATED;TOTAL_VACCINATIONS;PERSONS_VACCINATED_1PLUS_DOSE;TOTAL_VACCINATIONS_PER100;PERSONS_VACCINATED_1PLUS_DOSE_PER100;PERSONS_FULLY_VACCINATED;PERSONS_FULLY_VACCINATED_PER100;VACCINES_USED;FIRST_VACCINE_DATE;NUMBER_VACCINES_TYPES_USED;PERSONS_BOOSTER_ADD_DOSE;PERSONS_BOOSTER_ADD_DOSE_PER100
Afghanistan;AFG;EMRO;REPORTING;11/10/2022;11951964;10987211;30.702;28.224;10303193;26.467;AstraZeneca - Vaxzevria,Beijing CNBG - BBIBP-CorV,Bharat - Covaxin,CanSino - Convidecia,Gamaleya - Gam-Covid-Vac,Gamaleya - Sputnik-Light,Janssen - Ad26.COV 2-S,Moderna - Spikevax,Pfizer BioNTech - Comirnaty,SII - Covishield,Sinovac - CoronaVac;22/02/2021;11;;
Albania;ALB;EURO;REPORTING;25/09/2022;2978248;1337562;103.5;46.999;1263870;44.409;AstraZeneca - Vaxzevria,Gamaleya - Gam-Covid-Vac,Pfizer BioNTech - Comirnaty,SII - Covishield,Sinovac - CoronaVac;13/01/2021;5;357344;12.556
Algeria;DZA;AFRO;REPORTING;04/09/2022;15267442;7840131;34.817;17.879;6481186;14.78;Beijing CNBG - BBIBP-CorV,Gamaleya - Gam-Covid-Vac,SII - Covishield,Sinovac - CoronaVac;30/01/2021;4;575651;1.313
American Samoa;ASM;WPRO;REPORTING;23/08/2022;111316;44885;201.67;81.318;41423;75.046;Janssen - Ad26.COV 2-S,Moderna - Spikevax,Pfizer BioNTech - Comirnaty;21/12/2020;3;24160;43.77
Andorra;AND;EURO;REPORTING;11/09/2022;154216;57894;199.6;75.999;53478;70.202;AstraZeneca - Vaxzevria,Moderna - Spikevax,Pfizer BioNTech - Comirnaty;20/01/2021;3;42844;56.243
Angola;AGO;AFRO;REPORTING;09/10/2022;22696229;14220830;69.056;43.269;7814121;23.776;SII - Covishield;10/03/2021;1;1127156;3.43
Anguilla;AIA;AMRO;REPORTING;07/10/2022;24412;10852;162.725;72.337;10344;68.951;AstraZeneca - Vaxzevria,Pfizer BioNTech - Comirnaty;05/02/2021;2;2998;19.984
Antigua and Barbuda;ATG;AMRO;REPORTING;07/10/2022;136512;64290;139.399;65.65;62384;63.703;AstraZeneca - Vaxzevria,Beijing CNBG - BBIBP-CorV,Gamaleya - Gam-Covid-Vac,Janssen - Ad26.COV 2-S,Pfizer BioNTech - Comirnaty,SII - Covishield;01/03/2021;6;9838;10.046
Argentina;ARG;AMRO;REPORTING;07/10/2022;109652736;41324100;242.617;91.434;37840119;83.725;AstraZeneca - Vaxzevria,Beijing CNBG - BBIBP-CorV,CanSino - Convidecia,Gamaleya - Gam-Covid-Vac,Moderna - Spikevax,Pfizer BioNTech - Comirnaty,SII - Covishield;29/12/2020;7;30810184;68.17
Armenia;ARM;EURO;REPORTING;22/05/2022;2150112;1129669;72.6;38.123;985807;33.268;AstraZeneca - Vaxzevria,Beijing CNBG - BBIBP-CorV,Gamaleya - Gam-Covid-Vac,Gamaleya - Sputnik-Light,Moderna - Spikevax,Pfizer BioNTech - Comirnaty,Sinovac - CoronaVac,Wuhan CNBG - Inactivated;16/06/2021;8;40725;1.374
Aruba;ABW;AMRO;REPORTING;07/10/2022;173508;89857;162.512;84.163;83651;78.35;Janssen - Ad26.COV 2-S,Pfizer BioNTech - Comirnaty;17/02/2021;2;;
Australia;AUS;WPRO;REPORTING;28/09/2022;63461493;22443557;248.87;88.014;21784904;85.431;AstraZeneca - Vaxzevria,Janssen - Ad26.COV 2-S,Moderna - Spikevax,Novavax-NUVAXOVID,Pfizer BioNTech - Comirnaty;21/02/2021;5;14265648;55.944
Austria;AUT;EURO;REPORTING;02/10/2022;19365626;6887474;217.6;77.483;6669230;74.926;AstraZeneca - Vaxzevria,Janssen - Ad26.COV 2-S,Moderna - Spikevax,Novavax-NUVAXOVID,Pfizer BioNTech - Comirnaty,Unknown Vaccine;30/12/2020;6;5343694;60.034
Azerbaijan;AZE;EURO;REPORTING;25/09/2022;13747645;5404021;135.6;53.298;4870756;48.039;AstraZeneca - Vaxzevria,Gamaleya - Gam-Covid-Vac,Gamaleya - Sputnik-Light,Pfizer BioNTech - Comirnaty,Sinovac - CoronaVac;20/01/2021;5;3472870;34.252
Bahamas;BHS;AMRO;REPORTING;07/10/2022;362109;173208;92.083;44.046;164779;41.902;AstraZeneca - Vaxzevria,Janssen - Ad26.COV 2-S,Pfizer BioNTech - Comirnaty,SII - Covishield;14/03/2021;4;32960;8.382
Bahrain;BHR;EMRO;REPORTING;11/10/2022;3472078;1240705;204.051;72.915;1226175;72.061;AstraZeneca - Vaxzevria,Beijing CNBG - BBIBP-CorV,Bharat - Covaxin,CanSino - Convidecia,Gamaleya - Gam-Covid-Vac,Gamaleya - Sputnik-Light,Janssen - Ad26.COV 2-S,Moderna - Spikevax,Pfizer BioNTech - Comirnaty,SII - Covishield,Sinovac - CoronaVac;04/11/2020;11;1005198;59.075
Bangladesh;BGD;SEARO;REPORTING;11/10/2022;314455820;133571586;190.939;81.105;123842325;75.198;AstraZeneca - Vaxzevria,Beijing CNBG - BBIBP-CorV,Gamaleya - Gam-Covid-Vac,Janssen - Ad26.COV 2-S,Moderna - Spikevax,Pfizer BioNTech - Comirnaty,SII - Covishield,Sinovac - CoronaVac;27/01/2021;8;57041909;34.636
Barbados;BRB;AMRO;REPORTING;07/10/2022;379843;163649;132.177;56.946;154688;53.828;AstraZeneca - Vaxzevria,Beijing CNBG - BBIBP-CorV,Janssen - Ad26.COV 2-S,Pfizer BioNTech - Comirnaty,SII - Covishield;08/01/2021;5;61506;21.403
Belarus;BLR;EURO;REPORTING;25/09/2022;15754625;6505785;166.7;68.849;6399255;67.722;Beijing CNBG - BBIBP-CorV,Chumakov - Covi-Vac,Gamaleya - Gam-Covid-Vac,Gamaleya - Sputnik-Light;03/02/2021;4;3101161;32.819
Belgium;BEL;EURO;REPORTING;02/10/2022;25878422;9247195;224.6;80.254;9150857;79.418;AstraZeneca - Vaxzevria,Janssen - Ad26.COV 2-S,Moderna - Spikevax,Pfizer BioNTech - Comirnaty;30/12/2020;4;7202468;62.508
Belize;BLZ;AMRO;REPORTING;07/10/2022;500984;251243;125.993;63.185;220666;55.496;AstraZeneca - Vaxzevria,Beijing CNBG - BBIBP-CorV,Janssen - Ad26.COV 2-S,Pfizer BioNTech - Comirnaty,SII - Covishield;01/03/2021;5;50905;12.802
Benin;BEN;AFRO;REPORTING;02/10/2022;3692096;3207032;30.455;26.454;2690517;22.193;AstraZeneca - Vaxzevria,Janssen - Ad26.COV 2-S,Pfizer BioNTech - Comirnaty,SII - Covishield,Sinovac - CoronaVac;29/03/2021;5;;
Bermuda;BMU;AMRO;REPORTING;07/10/2022;132042;48554;212.037;77.97;47657;76.529;AstraZeneca - Vaxzevria,Pfizer BioNTech - Comirnaty;11/01/2021;2;31829;51.112
Bhutan;BTN;SEARO;REPORTING;09/10/2022;2007661;698608;260.192;90.539;677415;87.793;AstraZeneca - Vaxzevria,Beijing CNBG - BBIBP-CorV,Moderna - Spikevax,Pfizer BioNTech - Comirnaty,SII - Covishield;27/03/2021;5;631638;81.86
Bolivia (Plurinational State of);BOL;AMRO;REPORTING;07/10/2022;15367403;7404268;131.649;63.431;6207395;53.177;AstraZeneca - Vaxzevria,Beijing CNBG - BBIBP-CorV,Gamaleya - Gam-Covid-Vac,Janssen - Ad26.COV 2-S,Moderna - Spikevax,Pfizer BioNTech - Comirnaty,SII - Covishield;30/01/2021;7;2267888;19.428
Bonaire;XAA;AMRO;REPORTING;07/10/2022;41537;17460;198.599;83.481;15919;76.113;;;;8158;39.005
Bonaire; Sint Eustatius and Saba;BES;AMRO OWID;01/09/2021;35845;19109;137.934;73.533;16736;64.401;Moderna - mRNA-1273, Pfizer BioNTech - Comirnaty;;2;;
Bosnia and Herzegovina;BIH;EURO;REPORTING;29/01/2022;1924950;943394;58.7;28.755;846080;25.789;AstraZeneca - AZD1222, Pfizer BioNTech - Comirnaty, Sinovac - CoronaVac, Gamaleya - Sputnik V;;4;;
Botswana;BWA;AFRO;REPORTING;02/10/2022;2891400;1589621;122.953;67.597;1378230;58.608;Bharat - Covaxin,Janssen - Ad26.COV 2-S,Moderna - Spikevax,Pfizer BioNTech - Comirnaty,SII - Covishield,Sinovac - CoronaVac;26/03/2021;6;466951;19.857
Brazil;BRA;AMRO;REPORTING;07/10/2022;484474086;184735551;227.924;86.91;166462413;78.313;AstraZeneca - Vaxzevria,Janssen - Ad26.COV 2-S,Pfizer BioNTech - Comirnaty,SII - Covishield,Sinovac - CoronaVac;17/01/2021;5;104039939;48.946
British Virgin Islands;VGB;AMRO;REPORTING;07/10/2022;41453;19466;137.094;64.378;18261;60.393;AstraZeneca - Vaxzevria,Janssen - Ad26.COV 2-S;11/02/2021;2;3726;12.323
Brunei Darussalam;BRN;WPRO;REPORTING;09/09/2022;1273212;449769;291.034;102.809;444757;101.664;AstraZeneca - Vaxzevria,Beijing CNBG - BBIBP-CorV,Janssen - Ad26.COV 2-S,Moderna - Spikevax,Pfizer BioNTech - Comirnaty;03/04/2021;5;335738;76.744
Bulgaria;BGR;EURO;REPORTING;02/10/2022;4550938;2102648;65.5;30.247;2073860;29.833;AstraZeneca - Vaxzevria,Janssen - Ad26.COV 2-S,Moderna - Spikevax,Pfizer BioNTech - Comirnaty;30/12/2020;4;810039;11.653
Burkina Faso;BFA;AFRO;REPORTING;02/10/2022;4070678;3079151;19.474;14.73;2658480;12.718;Beijing CNBG - BBIBP-CorV,Janssen - Ad26.COV 2-S,SII - Covishield;02/06/2021;3;;
Burundi;BDI;AFRO;REPORTING;09/10/2022;24236;22314;0.204;0.188;21729;0.183;Beijing CNBG - BBIBP-CorV;18/10/2021;1;47;0
Cabo Verde;CPV;AFRO;REPORTING;25/09/2022;859940;356734;154.669;64.162;308720;55.526;Beijing CNBG - BBIBP-CorV,Moderna - Spikevax,Pfizer BioNTech - Comirnaty,SII - Covishield;18/03/2021;4;749;0.135
Cambodia;KHM;WPRO;REPORTING;30/09/2022;44056099;15195683;263.51;90.889;14549947;87.027;AstraZeneca - Vaxzevria,Beijing CNBG - BBIBP-CorV,Janssen - Ad26.COV 2-S,Moderna - Spikevax,Pfizer BioNTech - Comirnaty,SII - Covishield,Sinovac - CoronaVac;10/02/2021;7;10184141;60.914
Cameroon;CMR;AFRO;REPORTING;09/10/2022;1901047;1615128;7.161;6.084;1263716;4.761;Beijing CNBG - BBIBP-CorV,Janssen - Ad26.COV 2-S,Pfizer BioNTech - Comirnaty,SII - Covishield;12/04/2021;4;61387;0.231
Canada;CAN;AMRO;REPORTING;07/10/2022;88690999;32835856;234.992;87;31462078;83.361;AstraZeneca - Vaxzevria,Janssen - Ad26.COV 2-S,Moderna - Spikevax,Pfizer BioNTech - Comirnaty,SII - Covishield;14/12/2020;5;19297313;51.129
Cayman Islands;CYM;AMRO;REPORTING;07/10/2022;149153;61787;226.952;94.016;60341;91.815;Pfizer BioNTech - Comirnaty;15/01/2021;1;24307;36.986
Central African Republic;CAF;AFRO;REPORTING;25/09/2022;1714941;1667260;35.508;34.521;1577767;32.668;Bharat - Covaxin,SII - Covishield;19/03/2021;2;214090;4.433
Chad;TCD;AFRO;REPORTING;02/10/2022;3879297;3879297;23.617;23.617;3752088;22.843;Beijing CNBG - BBIBP-CorV;04/06/2021;1;;
Chile;CHL;AMRO;REPORTING;07/10/2022;62404843;18071277;326.45;94.534;17681496;92.495;AstraZeneca - Vaxzevria,CanSino - Convidecia,Moderna - Spikevax,Pfizer BioNTech - Comirnaty,Sinovac - CoronaVac;21/12/2020;5;15660040;81.92
China;CHN;WPRO;REPORTING;02/10/2022;3457953632;1307474015;235.029;88.866;1277277509;86.814;Anhui ZL - Zifivax,Beijing CNBG - BBIBP-CorV,CanSino - Convidecia,IMB - Covidful,Pfizer BioNTech - Comirnaty,Shenzhen - LV-SMENP-DC,Sinovac - CoronaVac,Wuhan CNBG - Inactivated;22/07/2020;8;776425498;52.772
Colombia;COL;AMRO;REPORTING;07/10/2022;88720602;42759702;174.362;84.036;36670153;72.068;AstraZeneca - Vaxzevria,Janssen - Ad26.COV 2-S,Moderna - Spikevax,Pfizer BioNTech - Comirnaty,Sinovac - CoronaVac;17/02/2021;5;14115363;27.741
Comoros;COM;AFRO;REPORTING;02/10/2022;835021;438825;96.023;50.463;397080;45.662;Beijing CNBG - BBIBP-CorV,Bharat - Covaxin,SII - Covishield;10/04/2021;3;;
Congo;COG;AFRO;REPORTING;31/07/2022;833210;695760;15.1;12.609;654119;11.854;Beijing CNBG - BBIBP-CorV,Gamaleya - Gam-Covid-Vac,Moderna - Spikevax,SII - Covishield;23/03/2021;4;;
Cook Islands;COK;WPRO;REPORTING;10/05/2022;39612;15020;225.529;85.516;14676;83.557;Pfizer BioNTech - Comirnaty;17/05/2021;1;9916;56.456
Costa Rica;CRI;AMRO;REPORTING;07/10/2022;12033083;4476191;236.215;87.87;4210411;82.652;AstraZeneca - Vaxzevria,Moderna - Spikevax,Pfizer BioNTech - Comirnaty;24/12/2020;3;2591748;50.877
Côte d’Ivoire;CIV;AFRO;REPORTING;18/09/2022;18547812;10721755;70.315;40.646;8817755;33.428;Beijing CNBG - BBIBP-CorV,Gamaleya - Gam-Covid-Vac,Janssen - Ad26.COV 2-S,Pfizer BioNTech - Comirnaty,SII - Covishield;01/03/2021;5;1243021;4.712
Croatia;HRV;EURO;REPORTING;02/10/2022;5300376;2317007;130.6;57.128;2243751;55.29;AstraZeneca - Vaxzevria,Janssen - Ad26.COV 2-S,Moderna - Spikevax,Novavax-NUVAXOVID,Pfizer BioNTech - Comirnaty,Unknown Vaccine;23/12/2020;6;938716;23.132
Cuba;CUB;AMRO;REPORTING;07/10/2022;37862773;10705472;334.281;94.516;9994292;88.237;CIGB - CIGB-66,Finlay - Soberana Plus,Finlay - Soberana-02;;3;8589949;75.839
Curaçao;CUW;AMRO;REPORTING;07/10/2022;255420;108508;155.656;66.126;99875;60.865;AstraZeneca - Vaxzevria,Moderna - Spikevax,Pfizer BioNTech - Comirnaty;24/02/2021;3;47037;28.665
Cyprus;CYP;EURO;REPORTING;02/10/2022;1820568;667037;205;75.116;655586;73.827;AstraZeneca - Vaxzevria,Janssen - Ad26.COV 2-S,Moderna - Spikevax,Novavax-NUVAXOVID,Pfizer BioNTech - Comirnaty;23/12/2020;5;484902;54.606
Czechia;CZE;EURO;REPORTING;02/10/2022;18069924;6966937;169;65.148;6881661;64.351;AstraZeneca - Vaxzevria,Janssen - Ad26.COV 2-S,Moderna - Spikevax,Novavax-NUVAXOVID,Pfizer BioNTech - Comirnaty;23/12/2020;5;4318176;40.38
Democratic Republic of the Congo;COD;AFRO;REPORTING;09/10/2022;6020452;5596451;6.722;6.249;4368502;4.878;SII - Covishield;19/04/2021;1;;
Denmark;DNK;EURO;REPORTING;02/10/2022;13191097;4811630;226.5;82.635;4774102;81.99;AstraZeneca - Vaxzevria,Janssen - Ad26.COV 2-S,Moderna - Spikevax,Pfizer BioNTech - Comirnaty,Unknown Vaccine;16/12/2020;5;3651748;62.715
Djibouti;DJI;EMRO;REPORTING;10/10/2022;267794;247171;27.105;25.017;226804;22.956;AstraZeneca - Vaxzevria,Beijing CNBG - BBIBP-CorV,Bharat - Covaxin,CanSino - Convidecia,Gamaleya - Gam-Covid-Vac,Gamaleya - Sputnik-Light,Janssen - Ad26.COV 2-S,Moderna - Spikevax,Pfizer BioNTech - Comirnaty,SII - Covishield,Sinovac - CoronaVac;15/03/2021;11;;
Dominica;DMA;AMRO;REPORTING;07/10/2022;67647;32995;93.966;45.832;30659;42.587;AstraZeneca - Vaxzevria,Beijing CNBG - BBIBP-CorV,Moderna - Spikevax,Pfizer BioNTech - Comirnaty,SII - Covishield;12/02/2021;5;3993;5.547
Dominican Republic;DOM;AMRO;REPORTING;07/10/2022;15804399;7284226;145.691;67.149;6049192;55.764;AstraZeneca - Vaxzevria,SII - Covishield,Sinovac - CoronaVac;16/02/2021;3;2470981;22.778
Ecuador;ECU;AMRO;REPORTING;07/10/2022;38239247;15270945;216.738;86.555;14147643;80.188;AstraZeneca - Vaxzevria,CanSino - Convidecia,Pfizer BioNTech - Comirnaty,Sinovac - CoronaVac;20/01/2021;4;7281503;41.271
Egypt;EGY;EMRO;REPORTING;29/09/2022;98911424;52995443;96.655;51.787;39585392;38.682;AstraZeneca - Vaxzevria,Beijing CNBG - BBIBP-CorV,Bharat - Covaxin,CanSino - Convidecia,Gamaleya - Gam-Covid-Vac,Gamaleya - Sputnik-Light,Janssen - Ad26.COV 2-S,Moderna - Spikevax,Pfizer BioNTech - Comirnaty,Sinovac - CoronaVac;24/01/2021;10;8906072;8.703
El Salvador;SLV;AMRO;REPORTING;07/10/2022;11250496;4634978;173.453;71.459;4329694;66.752;AstraZeneca - Vaxzevria,Beijing CNBG - BBIBP-CorV,Moderna - Spikevax,Pfizer BioNTech - Comirnaty,SII - Covishield,Sinovac - CoronaVac;17/02/2021;6;1847442;28.483
Equatorial Guinea;GNQ;AFRO;REPORTING;24/07/2022;488738;270109;34.836;19.252;214032;15.255;Beijing CNBG - BBIBP-CorV,Sinovac - CoronaVac;12/02/2021;2;4597;0.328
Eritrea;ERI;AFRO;REPORTING;03/07/2022;0;0;;0;0;0;;;;;
Estonia;EST;EURO;REPORTING;02/10/2022;2142049;843966;161.2;63.505;834636;62.803;AstraZeneca - Vaxzevria,Janssen - Ad26.COV 2-S,Moderna - Spikevax,Novavax-NUVAXOVID,Pfizer BioNTech - Comirnaty;23/12/2020;5;480285;36.139
Eswatini;SWZ;AFRO;REPORTING;25/09/2022;773579;492300;66.678;42.434;490673;42.293;Janssen - Ad26.COV 2-S,Pfizer BioNTech - Comirnaty,SII - Covishield;19/03/2021;3;147518;12.715
Ethiopia;ETH;AFRO;REPORTING;31/07/2022;52509414;43111242;45.675;37.5;36707357;31.93;Beijing CNBG - BBIBP-CorV,Bharat - Covaxin,Janssen - Ad26.COV 2-S,SII - Covishield;13/03/2021;4;2421781;2.107
Falkland Islands (Malvinas);FLK;AMRO;REPORTING;21/06/2022;9390;3220;269.595;92.449;2976;85.444;AstraZeneca - AZD1222;;1;2543;73.012
Faroe Islands;FRO;EURO;OWID;18/02/2022;103894;41715;212.614;85.368;40895;83.69;Moderna - mRNA-1273, Pfizer BioNTech - Comirnaty;;2;21284;43.557
Fiji;FJI;WPRO;REPORTING;29/09/2022;1542401;710182;172.058;79.222;638724;71.251;AstraZeneca - Vaxzevria,Moderna - Spikevax,SII - Covishield;07/03/2021;3;166760;18.602
Finland;FIN;EURO;REPORTING;02/10/2022;12885772;4542234;233.2;82.208;4357584;78.866;AstraZeneca - Vaxzevria,Janssen - Ad26.COV 2-S,Moderna - Spikevax,Pfizer BioNTech - Comirnaty,Unknown Vaccine;23/12/2020;5;3051884;55.235
France;FRA;EURO;REPORTING;02/10/2022;152968321;53915922;227.2;80.089;52406255;77.846;AstraZeneca - Vaxzevria,Janssen - Ad26.COV 2-S,Moderna - Spikevax,Novavax-NUVAXOVID,Pfizer BioNTech - Comirnaty,Unknown Vaccine;30/12/2020;6;40673732;60.418
French Guiana;GUF;AMRO;REPORTING;07/10/2022;239065;100141;80.04;33.528;90724;30.375;Moderna - Spikevax,Pfizer BioNTech - Comirnaty;13/01/2021;2;45923;15.375
French Polynesia;PYF;WPRO;REPORTING;31/07/2022;460803;188245;164.041;67.013;183649;65.377;Janssen - Ad26.COV 2-S,Pfizer BioNTech - Comirnaty;18/01/2021;2;88909;31.651
Gabon;GAB;AFRO;REPORTING;18/09/2022;569829;310579;25.602;13.954;257257;11.558;Beijing CNBG - BBIBP-CorV,Gamaleya - Gam-Covid-Vac,Pfizer BioNTech - Comirnaty;23/03/2021;3;2581;0.116
Gambia;GMB;AFRO;REPORTING;07/08/2022;815861;452514;33.76;18.725;357390;14.789;Beijing CNBG - BBIBP-CorV,SII - Covishield;10/03/2021;2;9007;0.373
Georgia;GEO;EURO;REPORTING;18/09/2022;2718171;1292672;68.1;32.404;1177900;29.527;AstraZeneca - Vaxzevria,Beijing CNBG - BBIBP-CorV,Pfizer BioNTech - Comirnaty,Sinovac - CoronaVac;17/03/2021;4;247599;6.207
Germany;DEU;EURO;REPORTING;02/10/2022;185704376;64784183;223.3;77.897;64871905;78.002;AstraZeneca - Vaxzevria,Janssen - Ad26.COV 2-S,Moderna - Spikevax,Novavax-NUVAXOVID,Pfizer BioNTech - Comirnaty,Unknown Vaccine;23/12/2020;6;51717972;62.186
Ghana;GHA;AFRO;REPORTING;09/10/2022;20152826;11753461;64.857;37.825;8674764;27.917;Gamaleya - Gam-Covid-Vac,SII - Covishield;02/03/2021;2;2236453;7.197
Gibraltar;GIB;EURO;OWID;21/04/2022;119855;42074;355.748;124.882;41421;122.944;AstraZeneca - AZD1222, Pfizer BioNTech - Comirnaty;;2;36360;107.922
Greece;GRC;EURO;REPORTING;02/10/2022;21453981;7910178;200.2;73.799;7733324;72.149;AstraZeneca - Vaxzevria,Janssen - Ad26.COV 2-S,Moderna - Spikevax,Novavax-NUVAXOVID,Pfizer BioNTech - Comirnaty;23/12/2020;5;5861667;54.687
Greenland;GRL;EURO;OWID;07/03/2022;79745;41243;140.465;72.647;38502;67.819;Moderna - mRNA-1273;;1;;
Grenada;GRD;AMRO;REPORTING;07/10/2022;90251;44093;80.207;39.186;38879;34.552;AstraZeneca - Vaxzevria,Janssen - Ad26.COV 2-S,Moderna - Spikevax,Pfizer BioNTech - Comirnaty,SII - Covishield;15/02/2021;5;7279;6.469
Guadeloupe;GLP;AMRO;REPORTING;07/10/2022;389922;151013;97.45;37.742;145087;36.261;AstraZeneca - Vaxzevria,Janssen - Ad26.COV 2-S,Moderna - Spikevax,Novavax-NUVAXOVID,Pfizer BioNTech - Comirnaty;08/01/2021;7;87809;21.945
Guam;GUM;WPRO;REPORTING;23/08/2022;368088;155225;218.094;91.972;141014;83.551;Janssen - Ad26.COV 2-S,Moderna - Spikevax,Pfizer BioNTech - Comirnaty;04/01/2021;3;72131;42.738
Guatemala;GTM;AMRO;REPORTING;07/10/2022;19725770;8807286;110.104;49.16;6921739;38.635;AstraZeneca - Vaxzevria,Gamaleya - Gam-Covid-Vac,Moderna - Spikevax,Pfizer BioNTech - Comirnaty,SII - Covishield;25/02/2021;5;3538770;19.752
Guernsey;GGY;EURO;OWID;12/07/2022;157708;;244.63;;;;Moderna - mRNA-1273, AstraZeneca - AZD1222, Pfizer BioNTech - Comirnaty;;3;;
Guinea;GIN;AFRO;REPORTING;02/10/2022;7597562;5194582;57.852;39.554;2967223;22.594;Beijing CNBG - BBIBP-CorV,Gamaleya - Gam-Covid-Vac,Janssen - Ad26.COV 2-S,Pfizer BioNTech - Comirnaty,SII - Covishield,Sinovac - CoronaVac;05/03/2021;6;193723;1.475
Guinea-Bissau;GNB;AFRO;REPORTING;18/09/2022;673091;640393;34.202;32.54;404228;20.54;Beijing CNBG - BBIBP-CorV,SII - Covishield;02/04/2021;2;745;0.038
Guyana;GUY;AMRO;REPORTING;07/10/2022;947496;491653;120.462;62.507;378029;48.062;AstraZeneca - Vaxzevria,Beijing CNBG - BBIBP-CorV,Gamaleya - Gam-Covid-Vac,Janssen - Ad26.COV 2-S,Moderna - Spikevax,Pfizer BioNTech - Comirnaty,SII - Covishield;11/02/2021;7;74541;9.477
Haiti;HTI;AMRO;REPORTING;07/10/2022;470964;361212;4.13;3.168;222303;1.95;Janssen - Ad26.COV 2-S,Moderna - Spikevax;;2;;
Honduras;HND;AMRO;REPORTING;07/10/2022;16211055;6376473;163.672;64.379;5679402;57.341;AstraZeneca - Vaxzevria,Gamaleya - Gam-Covid-Vac,Janssen - Ad26.COV 2-S,Moderna - Spikevax,Pfizer BioNTech - Comirnaty,SII - Covishield;22/02/2021;6;4155555;41.956
Hungary;HUN;EURO;REPORTING;02/10/2022;16479717;6354102;168.7;65.04;6147511;62.925;AstraZeneca - Vaxzevria,Beijing CNBG - BBIBP-CorV,Gamaleya - Gam-Covid-Vac,Janssen - Ad26.COV 2-S,Moderna - Spikevax,Pfizer BioNTech - Comirnaty,Sinovac - CoronaVac;23/12/2020;7;3860126;39.512
Iceland;ISL;EURO;REPORTING;02/10/2022;841244;307082;231;84.332;297663;81.745;AstraZeneca - Vaxzevria,Janssen - Ad26.COV 2-S,Moderna - Spikevax,Pfizer BioNTech - Comirnaty;30/12/2020;4;253079;69.502
India;IND;SEARO;REPORTING;12/10/2022;2190969572;1024976429;158.765;74.273;949227604;68.784;Bharat - Covaxin,Biological E - Corbevax,Gamaleya - Gam-Covid-Vac,Janssen - Ad26.COV 2-S,Moderna - Spikevax,SII - Covishield,SII - Covovax,Zydus - ZyCov-D;16/01/2021;8;216765539;15.708
Indonesia;IDN;SEARO;REPORTING;10/10/2022;438885586;204261199;160.456;74.678;170841144;62.459;AstraZeneca - Vaxzevria,Beijing CNBG - BBIBP-CorV,Janssen - Ad26.COV 2-S,Moderna - Spikevax,Novavax-NUVAXOVID,Pfizer BioNTech - Comirnaty,Sinovac - CoronaVac;13/01/2021;7;63783243;23.319
Iran (Islamic Republic of);IRN;EMRO;REPORTING;09/10/2022;154528952;65063096;183.978;77.463;58454446;69.594;AstraZeneca - Vaxzevria,Beijing CNBG - BBIBP-CorV,Bharat - Covaxin,CanSino - Convidecia,Finlay - Soberana-02,Gamaleya - Gam-Covid-Vac,Gamaleya - Sputnik-Light,Janssen - Ad26.COV 2-S,Moderna - Spikevax,Pfizer BioNTech - Comirnaty,Shifa - COVIran Barakat,Sinovac - CoronaVac;09/02/2021;12;31011410;36.921
Iraq;IRQ;EMRO;REPORTING;22/09/2022;19264920;11163251;47.896;27.754;7852141;19.522;AstraZeneca - Vaxzevria,Beijing CNBG - BBIBP-CorV,Bharat - Covaxin,CanSino - Convidecia,Gamaleya - Gam-Covid-Vac,Gamaleya - Sputnik-Light,Janssen - Ad26.COV 2-S,Moderna - Spikevax,Pfizer BioNTech - Comirnaty,Sinovac - CoronaVac;02/03/2021;10;249528;0.62
Ireland;IRL;EURO;REPORTING;02/10/2022;11657464;4040253;234.8;83.929;4005217;80.678;AstraZeneca - Vaxzevria,Janssen - Ad26.COV 2-S,Moderna - Spikevax,Novavax-NUVAXOVID,Pfizer BioNTech - Comirnaty;30/12/2020;5;3021854;60.87
Isle of Man;IMN;EURO;OWID;23/06/2022;189994;69560;223.438;81.804;67106;78.919;Moderna - mRNA-1273, AstraZeneca - AZD1222, Pfizer BioNTech - Comirnaty;;3;53328;62.715
Israel;ISR;EURO;REPORTING;05/06/2022;15026951;7055466;173.6;81.514;6385731;73.776;AstraZeneca - Vaxzevria,Moderna - Spikevax,Pfizer BioNTech - Comirnaty;16/12/2020;3;1585754;18.321
Italy;ITA;EURO;REPORTING;02/10/2022;139669852;50435238;234.2;84.569;47510046;79.659;AstraZeneca - Vaxzevria,Janssen - Ad26.COV 2-S,Moderna - Spikevax,Novavax-NUVAXOVID,Pfizer BioNTech - Comirnaty;23/12/2020;5;43203730;72.439
Jamaica;JAM;AMRO;REPORTING;07/10/2022;1491795;833696;50.379;28.154;732792;24.747;AstraZeneca - Vaxzevria,Beijing CNBG - BBIBP-CorV,Janssen - Ad26.COV 2-S,Pfizer BioNTech - Comirnaty,SII - Covishield;10/03/2021;5;44719;1.51
Japan;JPN;WPRO;REPORTING;16/09/2022;321037169;104184141;253.832;82.374;102772415;81.258;AstraZeneca - Vaxzevria,Moderna - Spikevax,Novavax-NUVAXOVID,Pfizer BioNTech - Comirnaty;17/02/2021;4;82001133;64.835
Jersey;JEY;EURO;OWID;02/10/2022;248176;84063;230.227;77.983;81475;75.583;Moderna - mRNA-1273, AstraZeneca - AZD1222, Pfizer BioNTech - Comirnaty;;3;73904;68.559
Jordan;JOR;EMRO;REPORTING;21/08/2022;10057975;4821579;98.577;47.256;4558313;44.676;AstraZeneca - Vaxzevria,Beijing CNBG - BBIBP-CorV,Bharat - Covaxin,CanSino - Convidecia,Gamaleya - Gam-Covid-Vac,Gamaleya - Sputnik-Light,Janssen - Ad26.COV 2-S,Moderna - Spikevax,Pfizer BioNTech - Comirnaty,Sinovac - CoronaVac;13/01/2021;10;682211;6.686
Kazakhstan;KAZ;EURO;REPORTING;02/10/2022;28697238;10971092;152.8;58.429;11572182;61.631;Beijing CNBG - BBIBP-CorV,Gamaleya - Gam-Covid-Vac,Pfizer BioNTech - Comirnaty,RIBSP - QazVac,Sinovac - CoronaVac;07/04/2021;5;5259373;28.01
Kenya;KEN;AFRO;REPORTING;25/09/2022;21522783;13610115;40.027;25.311;10146842;18.87;Beijing CNBG - BBIBP-CorV,Janssen - Ad26.COV 2-S,Moderna - Spikevax,Pfizer BioNTech - Comirnaty,SII - Covishield;05/03/2021;5;1568659;2.917
Kiribati;KIR;WPRO;REPORTING;26/09/2022;182923;93685;153.139;78.431;70464;58.991;AstraZeneca - Vaxzevria,Beijing CNBG - BBIBP-CorV;26/05/2021;2;18774;15.717
Kosovo;XKX;EURO;REPORTING;25/09/2022;1835781;904273;102.2;50.359;824425;45.912;AstraZeneca - Vaxzevria,Pfizer BioNTech - Comirnaty;31/03/2021;2;105304;5.864
Kuwait;KWT;EMRO;REPORTING;11/10/2022;8219531;3446004;192.469;80.692;3338272;78.169;AstraZeneca - Vaxzevria,Beijing CNBG - BBIBP-CorV,Bharat - Covaxin,CanSino - Convidecia,Gamaleya - Gam-Covid-Vac,Gamaleya - Sputnik-Light,Janssen - Ad26.COV 2-S,Moderna - Spikevax,Pfizer BioNTech - Comirnaty,Sinovac - CoronaVac;28/12/2020;10;1435255;33.608
Kyrgyzstan;KGZ;EURO;REPORTING;25/09/2022;2973950;1466628;45.6;22.48;1297714;19.891;AstraZeneca - Vaxzevria,Beijing CNBG - BBIBP-CorV,Gamaleya - Gam-Covid-Vac,Moderna - Spikevax,Pfizer BioNTech - Comirnaty,RIBSP - QazVac;31/03/2021;6;209608;3.213
Lao People's Democratic Republic;LAO;WPRO;REPORTING;30/09/2022;12388167;5939256;170.271;81.633;5293537;72.758;AstraZeneca - Vaxzevria,Beijing CNBG - BBIBP-CorV,Gamaleya - Gam-Covid-Vac,Gamaleya - Sputnik-Light,Janssen - Ad26.COV 2-S,Pfizer BioNTech - Comirnaty,SII - Covishield,Sinovac - CoronaVac;25/11/2020;8;1916136;26.337
Latvia;LVA;EURO;REPORTING;18/09/2022;2847648;1303023;149.3;68.304;1271589;66.656;AstraZeneca - Vaxzevria,Janssen - Ad26.COV 2-S,Moderna - Spikevax,Novavax-NUVAXOVID,Pfizer BioNTech - Comirnaty;30/12/2020;5;541299;28.375
Lebanon;LBN;EMRO;REPORTING;10/10/2022;5789338;2730630;84.82;40.007;2406354;35.256;AstraZeneca - Vaxzevria,Beijing CNBG - BBIBP-CorV,Bharat - Covaxin,CanSino - Convidecia,Gamaleya - Gam-Covid-Vac,Gamaleya - Sputnik-Light,Janssen - Ad26.COV 2-S,Moderna - Spikevax,Pfizer BioNTech - Comirnaty,Sinovac - CoronaVac;14/02/2021;10;652354;9.558
Lesotho;LSO;AFRO;REPORTING;14/08/2022;1102069;1631364;51.444;76.152;872661;40.736;Beijing CNBG - BBIBP-CorV,Janssen - Ad26.COV 2-S,SII - Covishield;10/03/2021;3;61789;2.884
Liberia;LBR;AFRO;REPORTING;09/10/2022;4061384;3634393;80.301;71.859;3437215;67.96;SII - Covishield;01/04/2021;1;1987;0.039
Libya;LBY;EMRO;REPORTING;02/10/2022;3716080;2308724;54.081;33.6;1229888;17.899;AstraZeneca - Vaxzevria,Beijing CNBG - BBIBP-CorV,Bharat - Covaxin,CanSino - Convidecia,Gamaleya - Gam-Covid-Vac,Gamaleya - Sputnik-Light,Janssen - Ad26.COV 2-S,Moderna - Spikevax,Pfizer BioNTech - Comirnaty,Sinovac - CoronaVac;11/04/2021;10;177468;2.583
Liechtenstein;LIE;OTHER;REPORTING;10/04/2022;71104;26681;183.5;68.86;26346;67.995;Janssen - Ad26.COV 2-S,Moderna - Spikevax,Pfizer BioNTech - Comirnaty;06/01/2021;3;18310;47.255
Lithuania;LTU;EURO;REPORTING;02/10/2022;4489511;1954652;160.7;70.111;1904892;68.176;AstraZeneca - Vaxzevria,Janssen - Ad26.COV 2-S,Moderna - Spikevax,Pfizer BioNTech - Comirnaty,Unknown Vaccine;23/12/2020;5;897060;32.106
Luxembourg;LUX;EURO;REPORTING;02/10/2022;1314067;469291;209.9;74.954;462651;73.893;AstraZeneca - Vaxzevria,Janssen - Ad26.COV 2-S,Moderna - Spikevax,Novavax-NUVAXOVID,Pfizer BioNTech - Comirnaty;30/12/2020;5;366960;58.61
Madagascar;MDG;AFRO;REPORTING;09/10/2022;1999667;1698424;7.221;6.133;1629830;5.886;Beijing CNBG - BBIBP-CorV,Janssen - Ad26.COV 2-S,SII - Covishield;10/05/2021;3;238771;0.862
Malawi;MWI;AFRO;REPORTING;09/10/2022;5619203;3748590;29.374;19.595;2949082;15.416;Janssen - Ad26.COV 2-S,SII - Covishield;11/03/2021;2;197226;1.031
Malaysia;MYS;WPRO;REPORTING;01/10/2022;72137976;28102745;222.882;86.828;27510084;84.997;AstraZeneca - Vaxzevria,Beijing CNBG - BBIBP-CorV,CanSino - Convidecia,Gamaleya - Gam-Covid-Vac,Janssen - Ad26.COV 2-S,Moderna - Spikevax,Pfizer BioNTech - Comirnaty,Sinovac - CoronaVac;24/02/2021;8;16237566;50.169
Maldives;MDV;SEARO;REPORTING;10/10/2022;951141;399120;175.96;73.837;385002;71.225;AstraZeneca - Vaxzevria,Beijing CNBG - BBIBP-CorV,Gamaleya - Gam-Covid-Vac,Janssen - Ad26.COV 2-S,Moderna - Spikevax,Pfizer BioNTech - Comirnaty,SII - Covishield,Sinovac - CoronaVac;01/02/2021;8;167019;30.898
Mali;MLI;AFRO;REPORTING;09/10/2022;3358891;2456492;16.586;12.13;1926865;9.515;SII - Covishield;31/03/2021;1;;
Malta;MLT;EURO;REPORTING;02/10/2022;1273626;450426;247.5;87.535;444814;86.445;AstraZeneca - Vaxzevria,Janssen - Ad26.COV 2-S,Moderna - Spikevax,Pfizer BioNTech - Comirnaty;23/12/2020;4;352052;68.418
Marshall Islands;MHL;WPRO;REPORTING;26/08/2022;101728;43299;171.855;73.148;35343;59.707;Janssen - Ad26.COV 2-S,Moderna - Spikevax,Pfizer BioNTech - Comirnaty;29/12/2020;3;18053;30.498
Martinique;MTQ;AMRO;REPORTING;07/10/2022;394265;150393;105.063;40.076;145203;38.693;Pfizer BioNTech - Comirnaty;;1;92264;24.586
Mauritania;MRT;AFRO;REPORTING;09/10/2022;3252274;2006570;69.947;43.155;1424954;30.646;Beijing CNBG - BBIBP-CorV,SII - Covishield;26/03/2021;2;294874;6.342
Mauritius;MUS;AFRO;REPORTING;09/10/2022;2609428;1039411;205.181;81.73;1002616;78.836;Beijing CNBG - BBIBP-CorV,Bharat - Covaxin,SII - Covishield;26/01/2021;3;668100;52.533
Mexico;MEX;AMRO;REPORTING;07/10/2022;223158993;97179493;173.082;75.372;81849962;63.483;AstraZeneca - Vaxzevria,CanSino - Convidecia,Gamaleya - Gam-Covid-Vac,Janssen - Ad26.COV 2-S,Moderna - Spikevax,Pfizer BioNTech - Comirnaty,Sinovac - CoronaVac;24/12/2020;7;57014052;44.22
Micronesia (Federated States of);FSM;WPRO;REPORTING;20/08/2022;170346;70204;148.097;61.035;66174;57.531;AstraZeneca - Vaxzevria,Janssen - Ad26.COV 2-S,Moderna - Spikevax,Pfizer BioNTech - Comirnaty;13/01/2021;4;30537;26.549
Monaco;MCO;EURO;REPORTING;02/01/2022;58294;23460;148.5;59.78;23356;59.515;AstraZeneca - Vaxzevria,Janssen - Ad26.COV 2-S,Moderna - Spikevax,Novavax - Covavax,Novavax-NUVAXOVID,Pfizer BioNTech - Comirnaty;30/06/2021;6;11478;29.248
Mongolia;MNG;WPRO;REPORTING;16/09/2022;5657340;2282141;172.57;69.614;2182631;66.578;AstraZeneca - Vaxzevria,Beijing CNBG - BBIBP-CorV,Gamaleya - Gam-Covid-Vac,Moderna - Spikevax,Pfizer BioNTech - Comirnaty,SII - Covishield;23/02/2021;6;1054108;32.154
Montenegro;MNE;EURO;REPORTING;02/10/2022;526681;272493;83.9;43.818;254188;40.875;AstraZeneca - Vaxzevria,Beijing CNBG - BBIBP-CorV,Gamaleya - Gam-Covid-Vac,Pfizer BioNTech - Comirnaty,Unknown Vaccine;24/02/2021;5;0;0
Montserrat;MSR;AMRO;REPORTING;07/10/2022;4564;2104;91.298;42.088;1950;39.008;AstraZeneca - Vaxzevria;08/02/2021;1;510;10.202
Morocco;MAR;EMRO;REPORTING;11/10/2022;55292904;25006334;149.802;67.748;23503651;63.677;AstraZeneca - Vaxzevria,Beijing CNBG - BBIBP-CorV,Bharat - Covaxin,CanSino - Convidecia,Gamaleya - Gam-Covid-Vac,Gamaleya - Sputnik-Light,Janssen - Ad26.COV 2-S,Moderna - Spikevax,Pfizer BioNTech - Comirnaty,Sinovac - CoronaVac;28/01/2021;10;6880632;18.641
Mozambique;MOZ;AFRO;REPORTING;09/10/2022;19342637;13530206;61.886;43.289;13115491;41.962;Beijing CNBG - BBIBP-CorV,Janssen - Ad26.COV 2-S,SII - Covishield;08/03/2021;3;1228123;3.929
Myanmar;MMR;SEARO;REPORTING;18/06/2022;64549994;34777314;118.637;63.917;27545329;50.626;Beijing CNBG - BBIBP-CorV,SII - Covishield;27/01/2021;2;2227351;4.094
Namibia;NAM;AFRO;REPORTING;09/10/2022;958674;593597;37.73;23.362;516624;20.332;Beijing CNBG - BBIBP-CorV,Janssen - Ad26.COV 2-S,Pfizer BioNTech - Comirnaty,SII - Covishield;19/03/2021;4;159381;6.273
Nauru;NRU;WPRO;REPORTING;11/07/2022;24143;10493;222.845;96.853;8585;79.241;AstraZeneca - Vaxzevria,SII - Covishield;09/04/2021;2;5065;46.751
Nepal;NPL;SEARO;REPORTING;28/09/2022;58094360;27189865;199.385;93.318;22667676;77.797;AstraZeneca - Vaxzevria,Beijing CNBG - BBIBP-CorV,Bharat - Covaxin,Gamaleya - Gam-Covid-Vac,Janssen - Ad26.COV 2-S,Moderna - Spikevax,Pfizer BioNTech - Comirnaty,SII - Covishield;27/01/2021;8;8236819;28.269
Netherlands;NLD;EURO;REPORTING;11/09/2022;36105753;12776868;207.4;73.398;11957152;68.689;AstraZeneca - Vaxzevria,Janssen - Ad26.COV 2-S,Moderna - Spikevax,Novavax-NUVAXOVID,Pfizer BioNTech - Comirnaty,Unknown Vaccine;06/01/2021;6;9417108;54.098
New Caledonia;NCL;WPRO;REPORTING;26/09/2022;469252;191568;164.363;67.1;184013;64.453;Janssen - Ad26.COV 2-S,Pfizer BioNTech - Comirnaty;20/01/2021;2;93671;32.81
New Zealand;NZL;WPRO;REPORTING;30/09/2022;11774411;4256614;244.169;88.271;4095505;84.93;AstraZeneca - Vaxzevria,Janssen - Ad26.COV 2-S,Novavax-NUVAXOVID,Pfizer BioNTech - Comirnaty;19/02/2021;4;2708851;56.174
Nicaragua;NIC;AMRO;REPORTING;07/10/2022;11846891;6083967;178.833;91.84;5762924;86.993;AstraZeneca - Vaxzevria,CIGB - CIGB-66,Finlay - Soberana Plus,Finlay - Soberana-02,Gamaleya - Gam-Covid-Vac,Gamaleya - Sputnik-Light,Janssen - Ad26.COV 2-S,Pfizer BioNTech - Comirnaty,SII - Covishield;03/03/2021;9;;
Niger;NER;AFRO;REPORTING;02/10/2022;4534315;3740079;18.732;15.451;2980972;12.315;Beijing CNBG - BBIBP-CorV,SII - Covishield;29/03/2021;2;;
Nigeria;NGA;AFRO;REPORTING;09/10/2022;80602232;54918846;39.101;26.642;42076663;20.412;SII - Covishield;05/03/2021;1;4699837;2.28
Niue;NIU;WPRO;REPORTING;02/08/2022;4180;1650;258.344;101.978;1436;88.752;Pfizer BioNTech - Comirnaty;08/06/2021;1;1094;67.614
North Macedonia;MKD;EURO;REPORTING;25/09/2022;1861711;854316;89.4;41.147;837888;40.356;AstraZeneca - Vaxzevria,Beijing CNBG - BBIBP-CorV,Gamaleya - Gam-Covid-Vac,Moderna - Spikevax,Pfizer BioNTech - Comirnaty,Sinovac - CoronaVac,Wuhan CNBG - Inactivated;17/02/2021;7;161253;7.767
Northern Mariana Islands (Commonwealth of the);MNP;WPRO;REPORTING;27/05/2022;110882;44814;192.647;77.86;43944;76.349;Janssen - Ad26.COV 2-S,Moderna - Spikevax,Pfizer BioNTech - Comirnaty;19/12/2020;3;23286;40.457
Norway;NOR;EURO;REPORTING;02/10/2022;11875019;4344020;221.2;80.931;4058212;75.606;AstraZeneca - Vaxzevria,Janssen - Ad26.COV 2-S,Moderna - Spikevax,Pfizer BioNTech - Comirnaty;23/12/2020;4;2991333;55.73
occupied Palestinian territory;PSE;EMRO;REPORTING;09/08/2022;3741181;2010433;73.336;39.409;1774298;34.781;AstraZeneca - Vaxzevria,Beijing CNBG - BBIBP-CorV,Bharat - Covaxin,CanSino - Convidecia,Gamaleya - Gam-Covid-Vac,Gamaleya - Sputnik-Light,Janssen - Ad26.COV 2-S,Moderna - Spikevax,Pfizer BioNTech - Comirnaty,Sinovac - CoronaVac;02/02/2021;10;334586;6.559
Oman;OMN;EMRO;REPORTING;09/10/2022;7084586;3257098;138.733;63.782;3048323;59.693;AstraZeneca - Vaxzevria,Beijing CNBG - BBIBP-CorV,Bharat - Covaxin,CanSino - Convidecia,Gamaleya - Gam-Covid-Vac,Gamaleya - Sputnik-Light,Janssen - Ad26.COV 2-S,Moderna - Spikevax,Pfizer BioNTech - Comirnaty,SII - Covishield,Sinovac - CoronaVac;29/12/2020;11;779165;15.258
Pakistan;PAK;EMRO;REPORTING;25/09/2022;310629295;153628995;140.625;69.549;131226523;59.407;AstraZeneca - Vaxzevria,Beijing CNBG - BBIBP-CorV,Bharat - Covaxin,CanSino - Convidecia,Gamaleya - Gam-Covid-Vac,Gamaleya - Sputnik-Light,Janssen - Ad26.COV 2-S,Moderna - Spikevax,Pfizer BioNTech - Comirnaty,SII - Covishield,Sinovac - CoronaVac;03/02/2021;11;43603347;19.74
Palau;PLW;WPRO;REPORTING;06/09/2022;50160;20094;277.25;111.066;18403;101.719;Janssen - Ad26.COV 2-S,Moderna - Spikevax,Pfizer BioNTech - Comirnaty;03/01/2021;3;12856;71.059
Panama;PAN;AMRO;REPORTING;07/10/2022;8635825;3506179;200.146;81.26;3153808;73.093;AstraZeneca - Vaxzevria,Pfizer BioNTech - Comirnaty;20/01/2021;2;1733156;40.168
Papua New Guinea;PNG;WPRO;REPORTING;02/10/2022;488213;354597;5.457;3.963;294786;3.295;AstraZeneca - Vaxzevria,Beijing CNBG - BBIBP-CorV,Janssen - Ad26.COV 2-S,SII - Covishield;30/03/2021;4;27613;0.309
Paraguay;PRY;AMRO;REPORTING;07/10/2022;9398544;3964564;131.77;55.584;3514444;49.273;AstraZeneca - Vaxzevria,Beijing CNBG - BBIBP-CorV,Bharat - Covaxin,Gamaleya - Gam-Covid-Vac,Julphar - Hayat-Vax,Moderna - Spikevax,Pfizer BioNTech - Comirnaty,Sinovac - CoronaVac;22/02/2021;8;1610490;22.579
Peru;PER;AMRO;REPORTING;07/10/2022;84585337;29894383;256.538;90.666;28254124;85.692;AstraZeneca - Vaxzevria,Beijing CNBG - BBIBP-CorV,Moderna - Spikevax,Pfizer BioNTech - Comirnaty;09/02/2021;4;21240897;64.421
Philippines;PHL;WPRO;REPORTING;29/09/2022;165883899;77705048;151.38;70.911;73122738;66.729;AstraZeneca - Vaxzevria,Beijing CNBG - BBIBP-CorV,Bharat - Covaxin,Gamaleya - Gam-Covid-Vac,Gamaleya - Sputnik-Light,Janssen - Ad26.COV 2-S,Julphar - Hayat-Vax,Moderna - Spikevax,Novavax-NUVAXOVID,Pfizer BioNTech - Comirnaty,Sinovac - CoronaVac;01/03/2021;11;19588463;17.876
Pitcairn Islands;PCN;WPRO;REPORTING;28/02/2022;138;55;276;110;37;74;AstraZeneca - Vaxzevria;17/05/2021;1;23;46
Poland;POL;EURO;REPORTING;02/10/2022;57056322;22897446;150.3;60.323;22619060;59.589;AstraZeneca - Vaxzevria,Janssen - Ad26.COV 2-S,Moderna - Spikevax,Novavax-NUVAXOVID,Pfizer BioNTech - Comirnaty;23/12/2020;5;12393286;32.65
Portugal;PRT;EURO;REPORTING;02/10/2022;25587773;9757601;248.5;100.927;8922465;86.66;AstraZeneca - Vaxzevria,Beijing CNBG - BBIBP-CorV,Bharat - Covaxin,Janssen - Ad26.COV 2-S,Moderna - Spikevax,Novavax-NUVAXOVID,Pfizer BioNTech - Comirnaty,Sinovac - CoronaVac;23/12/2020;8;6912457;67.138
Puerto Rico;PRI;AMRO;REPORTING;07/10/2022;7690782;3102522;268.828;108.447;2730791;95.454;Janssen - Ad26.COV 2-S,Moderna - Spikevax,Novavax-NUVAXOVID,Pfizer BioNTech - Comirnaty;;4;1694497;59.23
Qatar;QAT;EMRO;REPORTING;11/10/2022;7538182;2825344;261.647;98.066;2825344;98.066;AstraZeneca - Vaxzevria,Beijing CNBG - BBIBP-CorV,Bharat - Covaxin,CanSino - Convidecia,Gamaleya - Gam-Covid-Vac,Gamaleya - Sputnik-Light,Janssen - Ad26.COV 2-S,Moderna - Spikevax,Pfizer BioNTech - Comirnaty,Sinovac - CoronaVac;;10;1887494;65.514
Republic of Korea;KOR;WPRO;REPORTING;30/09/2022;130834289;45113628;255.191;87.994;44678807;87.146;AstraZeneca - Vaxzevria,Janssen - Ad26.COV 2-S,Moderna - Spikevax,Novavax-NUVAXOVID,Pfizer BioNTech - Comirnaty;26/02/2021;5;33600655;65.538
Republic of Moldova;MDA;EURO;REPORTING;18/09/2022;2241785;1101302;55.6;27.301;1071341;26.558;AstraZeneca - Vaxzevria,Beijing CNBG - BBIBP-CorV,Gamaleya - Gam-Covid-Vac,Janssen - Ad26.COV 2-S,Moderna - Spikevax,Pfizer BioNTech - Comirnaty,Sinovac - CoronaVac;03/03/2021;7;370563;9.186
Romania;ROU;EURO;REPORTING;02/10/2022;16081906;8183097;83.2;42.336;8135912;42.092;AstraZeneca - Vaxzevria,Janssen - Ad26.COV 2-S,Moderna - Spikevax,Pfizer BioNTech - Comirnaty;27/01/2021;4;1761183;9.112
Russian Federation;RUS;EURO;OWID;12/10/2022;178107276;85094650;122;58.31;76879530;52.681;SRCVB - EpiVacCorona, Gamaleya - Sputnik V;;2;;
Rwanda;RWA;AFRO;REPORTING;09/10/2022;26106436;9177634;201.56;70.858;8954048;69.131;Beijing CNBG - BBIBP-CorV,Gamaleya - Gam-Covid-Vac,Janssen - Ad26.COV 2-S,Moderna - Spikevax,Pfizer BioNTech - Comirnaty,SII - Covishield,Sinovac - CoronaVac;05/03/2021;7;5562376;42.945
Saba;XCA;AMRO;REPORTING;07/10/2022;4471;1687;231.298;87.274;1657;85.722;;;;1127;58.303
Saint Helena;SHN;AFRO;OWID;05/05/2021;7892;4361;129.995;71.833;3531;58.162;AstraZeneca - AZD1222;;1;;
Saint Kitts and Nevis;KNA;AMRO;REPORTING;07/10/2022;64225;33794;120.742;63.532;26944;50.654;AstraZeneca - Vaxzevria,Pfizer BioNTech - Comirnaty,SII - Covishield;22/02/2021;3;3465;6.514
Saint Lucia;LCA;AMRO;REPORTING;07/10/2022;133276;65298;72.58;35.56;60119;32.74;AstraZeneca - Vaxzevria,Janssen - Ad26.COV 2-S,Moderna - Spikevax,Pfizer BioNTech - Comirnaty,SII - Covishield;17/02/2021;5;7859;4.28
Saint Vincent and the Grenadines;VCT;AMRO;REPORTING;07/10/2022;72849;37276;65.665;33.6;31398;28.302;AstraZeneca - Vaxzevria,Gamaleya - Gam-Covid-Vac,Gamaleya - Sputnik-Light,Pfizer BioNTech - Comirnaty,SII - Covishield;01/02/2021;5;4175;3.763
Samoa;WSM;WPRO;REPORTING;26/09/2022;440413;191071;221.967;96.299;177489;89.454;AstraZeneca - Vaxzevria,Pfizer BioNTech - Comirnaty;18/04/2021;2;71853;36.214
San Marino;SMR;EURO;REPORTING;22/05/2022;69338;26357;204.3;76.501;23633;68.595;Gamaleya - Gam-Covid-Vac,Pfizer BioNTech - Comirnaty;24/02/2021;2;19348;56.158
Sao Tome and Principe;STP;AFRO;REPORTING;09/10/2022;227603;127399;103.853;58.131;103440;47.199;AstraZeneca - Vaxzevria,SII - Covishield;15/03/2021;2;32393;14.781
Saudi Arabia;SAU;EMRO;REPORTING;27/09/2022;67839503;26892699;194.863;77.247;25290533;72.645;AstraZeneca - Vaxzevria,Beijing CNBG - BBIBP-CorV,Bharat - Covaxin,CanSino - Convidecia,Gamaleya - Gam-Covid-Vac,Gamaleya - Sputnik-Light,Janssen - Ad26.COV 2-S,Moderna - Spikevax,Pfizer BioNTech - Comirnaty,Sinovac - CoronaVac;06/01/2021;10;15656271;44.971
Senegal;SEN;AFRO;REPORTING;02/10/2022;2469499;1563871;14.749;9.34;1150222;6.869;Beijing CNBG - BBIBP-CorV,Janssen - Ad26.COV 2-S,SII - Covishield;23/02/2021;3;499879;2.985
Serbia;SRB;EURO;REPORTING;12/06/2022;6708547;3391961;96.9;48.969;3316586;47.881;AstraZeneca - Vaxzevria,Beijing CNBG - BBIBP-CorV,Gamaleya - Gam-Covid-Vac,Moderna - Spikevax,Pfizer BioNTech - Comirnaty;23/12/2020;5;0;0
Seychelles;SYC;AFRO;REPORTING;25/09/2022;215396;85492;219.016;86.929;81295;82.661;Beijing CNBG - BBIBP-CorV,Gamaleya - Gam-Covid-Vac,Julphar - Hayat-Vax,SII - Covishield;10/01/2021;4;42875;43.596
Sierra Leone;SLE;AFRO;REPORTING;02/10/2022;4334743;3179330;54.341;39.856;2467557;30.933;Beijing CNBG - BBIBP-CorV,SII - Covishield;15/03/2021;2;;
Singapore;SGP;WPRO;REPORTING;28/09/2022;14695435;5161367;251.189;88.223;5120432;87.524;AstraZeneca - Vaxzevria,Beijing CNBG - BBIBP-CorV,Moderna - Spikevax,Pfizer BioNTech - Comirnaty;30/12/2020;4;4413636;75.442
Sint Eustatius;XBA;AMRO;REPORTING;07/10/2022;4257;1791;135.616;57.056;1686;53.711;;;;780;24.849
Sint Maarten;SXM;AMRO;REPORTING;07/10/2022;65324;29788;152.334;69.465;26515;61.832;AstraZeneca - Vaxzevria,Moderna - Spikevax,Pfizer BioNTech - Comirnaty;22/02/2021;3;9021;21.037
Slovakia;SVK;EURO;REPORTING;02/10/2022;7163997;2838525;131.3;52.008;2790049;51.12;AstraZeneca - Vaxzevria,Gamaleya - Gam-Covid-Vac,Janssen - Ad26.COV 2-S,Moderna - Spikevax,Novavax-NUVAXOVID,Pfizer BioNTech - Comirnaty;06/01/2021;6;1682722;30.831
Slovenia;SVN;EURO;REPORTING;02/10/2022;2984792;1233490;142.4;58.854;1202950;57.396;AstraZeneca - Vaxzevria,Janssen - Ad26.COV 2-S,Moderna - Spikevax,Novavax-NUVAXOVID,Pfizer BioNTech - Comirnaty;23/12/2020;5;653915;31.2
Solomon Islands;SLB;WPRO;REPORTING;25/09/2022;536172;315000;78.059;45.859;209981;30.57;AstraZeneca - Vaxzevria,Beijing CNBG - BBIBP-CorV,Pfizer BioNTech - Comirnaty,SII - Covishield;23/03/2021;4;13873;2.02
Somalia;SOM;EMRO;REPORTING;11/10/2022;7198588;6203372;45.293;39.032;5002737;31.477;AstraZeneca - Vaxzevria,Beijing CNBG - BBIBP-CorV,Bharat - Covaxin,CanSino - Convidecia,Gamaleya - Gam-Covid-Vac,Gamaleya - Sputnik-Light,Janssen - Ad26.COV 2-S,Moderna - Spikevax,Pfizer BioNTech - Comirnaty,SII - Covishield,Sinovac - CoronaVac;16/03/2021;11;;
South Africa;ZAF;AFRO;REPORTING;09/10/2022;37679458;23759835;63.531;40.061;20830902;35.123;Janssen - Ad26.COV 2-S,Pfizer BioNTech - Comirnaty;17/02/2021;2;3753184;6.328
South Sudan;SSD;AFRO;REPORTING;09/10/2022;2169761;2119471;19.384;18.934;2077492;18.559;Janssen - Ad26.COV 2-S,SII - Covishield;06/04/2021;2;;
Spain;ESP;EURO;REPORTING;02/10/2022;103045916;41284925;217.7;87.223;37486430;79.198;AstraZeneca - Vaxzevria,Janssen - Ad26.COV 2-S,Moderna - Spikevax,Pfizer BioNTech - Comirnaty;30/12/2020;4;25992423;54.914
Sri Lanka;LKA;SEARO;REPORTING;09/10/2022;40006499;17132058;186.831;80.007;14693036;68.617;AstraZeneca - Vaxzevria,Beijing CNBG - BBIBP-CorV,Gamaleya - Gam-Covid-Vac,Moderna - Spikevax,Pfizer BioNTech - Comirnaty,SII - Covishield;29/01/2021;6;8181405;38.207
Sudan;SDN;EMRO;REPORTING;30/05/2022;8179010;6651268;18.653;15.168;4536964;10.347;AstraZeneca - Vaxzevria,Beijing CNBG - BBIBP-CorV,Bharat - Covaxin,CanSino - Convidecia,Gamaleya - Gam-Covid-Vac,Gamaleya - Sputnik-Light,Janssen - Ad26.COV 2-S,Moderna - Spikevax,Pfizer BioNTech - Comirnaty,SII - Covishield,Sinovac - CoronaVac;09/03/2021;11;50234;0.115
Suriname;SUR;AMRO;REPORTING;07/10/2022;554588;267820;94.538;45.654;237879;40.55;AstraZeneca - Vaxzevria,Beijing CNBG - BBIBP-CorV,Moderna - Spikevax,Pfizer BioNTech - Comirnaty,SII - Covishield;23/02/2021;5;48889;8.334
Sweden;SWE;EURO;REPORTING;02/10/2022;22555433;7503146;218.4;72.651;7365319;71.317;AstraZeneca - Vaxzevria,Moderna - Spikevax,Novavax-NUVAXOVID,Pfizer BioNTech - Comirnaty,Unknown Vaccine;23/12/2020;5;5514537;53.396
Switzerland;CHE;EURO;REPORTING;18/09/2022;15824257;6092712;182.8;70.796;5717193;66.432;Janssen - Ad26.COV 2-S,Moderna - Spikevax,Novavax-NUVAXOVID,Pfizer BioNTech - Comirnaty;23/12/2020;4;4074010;47.339
Syrian Arab Republic;SYR;EMRO;REPORTING;22/09/2022;4709714;3015708;26.912;17.232;2088765;11.935;AstraZeneca - Vaxzevria,Beijing CNBG - BBIBP-CorV,Bharat - Covaxin,CanSino - Convidecia,Gamaleya - Gam-Covid-Vac,Gamaleya - Sputnik-Light,Janssen - Ad26.COV 2-S,Moderna - Spikevax,Pfizer BioNTech - Comirnaty,SII - Covishield,Sinovac - CoronaVac;01/04/2021;11;59499;0.34
Tajikistan;TJK;EURO;REPORTING;21/08/2022;15441380;5282863;161.9;55.39;5120562;53.688;AstraZeneca - Vaxzevria,Gamaleya - Gam-Covid-Vac,Moderna - Spikevax,Pfizer BioNTech - Comirnaty,SII - Covishield,Sinovac - CoronaVac;24/03/2021;6;4951036;51.91
Thailand;THA;SEARO;REPORTING;30/09/2022;142635014;57005497;204.348;81.67;53486086;76.628;AstraZeneca - Vaxzevria,Beijing CNBG - BBIBP-CorV,Janssen - Ad26.COV 2-S,Moderna - Spikevax,Pfizer BioNTech - Comirnaty,SII - Covishield,SII - Covovax,Sinovac - CoronaVac;28/02/2021;8;32143431;46.051
The United Kingdom;GBR;EURO;REPORTING;04/09/2022;151248820;53806963;222.8;79.058;50745901;74.561;AstraZeneca - Vaxzevria,Moderna - Spikevax,Pfizer BioNTech - Comirnaty;21/12/2020;3;;
Timor-Leste;TLS;SEARO;REPORTING;11/10/2022;1836347;856259;139.281;64.945;753776;57.172;AstraZeneca - Vaxzevria,Pfizer BioNTech - Comirnaty,SII - Covishield,Sinovac - CoronaVac;07/04/2021;4;226312;17.165
Togo;TGO;AFRO;REPORTING;09/10/2022;3295699;2169182;39.809;26.202;1440469;17.4;SII - Covishield;10/03/2021;1;134899;1.629
Tokelau;TKL;WPRO;REPORTING;21/04/2022;3326;1339;246.37;99.185;1125;83.333;Pfizer BioNTech - Comirnaty;20/07/2021;1;862;63.852
Tonga;TON;WPRO;REPORTING;17/08/2022;201685;87080;190.818;82.388;76604;72.476;AstraZeneca - Vaxzevria,Pfizer BioNTech - Comirnaty;14/04/2021;2;37475;35.456
Trinidad and Tobago;TTO;AMRO;REPORTING;07/10/2022;1581380;753588;112.997;53.847;717190;51.247;AstraZeneca - Vaxzevria,Beijing CNBG - BBIBP-CorV,Janssen - Ad26.COV 2-S,Pfizer BioNTech - Comirnaty,SII - Covishield;17/02/2021;5;168809;12.062
Tunisia;TUN;EMRO;REPORTING;11/10/2022;13149434;7208922;111.26;60.996;6383981;54.016;AstraZeneca - Vaxzevria,Beijing CNBG - BBIBP-CorV,Bharat - Covaxin,CanSino - Convidecia,Gamaleya - Gam-Covid-Vac,Gamaleya - Sputnik-Light,Janssen - Ad26.COV 2-S,Moderna - Spikevax,Pfizer BioNTech - Comirnaty,Sinovac - CoronaVac;13/03/2021;10;1247709;10.557
Turkey;TUR;EURO;OWID;11/10/2022;152318861;57928561;180.6;69.663;53162396;63.932;Pfizer BioNTech - Comirnaty, Sinovac - CoronaVac, Turkovac;;3;;
Turkmenistan;TKM;EURO;REPORTING;04/09/2022;13514000;3728000;224.1;61.812;3689000;61.165;Anhui ZL - Zifivax,AstraZeneca - Vaxzevria,Beijing CNBG - BBIBP-CorV,Gamaleya - Gam-Covid-Vac,RIBSP - QazVac,SRCVB - EpiVacCorona,Unknown Vaccine;24/02/2021;7;3340000;55.379
Turks and Caicos Islands;TCA;AMRO;REPORTING;07/10/2022;72837;32338;188.122;83.522;30288;78.227;Pfizer BioNTech - Comirnaty;11/01/2021;1;7272;18.782
Tuvalu;TUV;WPRO;REPORTING;31/08/2022;25591;9603;217.02;81.437;9322;79.054;AstraZeneca - Vaxzevria;13/04/2021;1;5528;46.879
Uganda;UGA;AFRO;REPORTING;09/10/2022;25783131;18867075;56.368;41.248;12765601;27.908;Janssen - Ad26.COV 2-S,Moderna - Spikevax,Pfizer BioNTech - Comirnaty,SII - Covishield,Sinovac - CoronaVac;10/03/2021;5;431349;0.943
Ukraine;UKR;EURO;REPORTING;27/02/2022;31668577;15774300;72.4;36.069;15153577;34.65;AstraZeneca - Vaxzevria,Janssen - Ad26.COV 2-S,Moderna - Spikevax,Pfizer BioNTech - Comirnaty,SII - Covishield,Sinovac - CoronaVac;24/02/2021;6;741197;1.695
United Arab Emirates;ARE;EMRO;REPORTING;06/07/2022;24922054;9991089;251.982;101.018;9792266;99.008;AstraZeneca - Vaxzevria,Beijing CNBG - BBIBP-CorV,Bharat - Covaxin,CanSino - Convidecia,Gamaleya - Gam-Covid-Vac,Gamaleya - Sputnik-Light,Janssen - Ad26.COV 2-S,Moderna - Spikevax,Pfizer BioNTech - Comirnaty,SII - Covishield,Sinovac - CoronaVac;;11;5138699;51.956
United Republic of Tanzania;TZA;AFRO;REPORTING;09/10/2022;28091873;23687636;47.028;39.655;21723603;36.367;Beijing CNBG - BBIBP-CorV,Janssen - Ad26.COV 2-S,Pfizer BioNTech - Comirnaty;28/07/2021;3;;
United States of America;USA;AMRO;REPORTING;07/10/2022;616508199;261459699;186.255;78.99;223139822;67.413;Janssen - Ad26.COV 2-S,Moderna - Spikevax,Novavax-NUVAXOVID,Pfizer BioNTech - Comirnaty;14/12/2020;4;108866477;32.89
Uruguay;URY;AMRO;REPORTING;07/10/2022;8740415;3001543;251.615;86.407;2893594;83.299;AstraZeneca - Vaxzevria,Pfizer BioNTech - Comirnaty,Sinovac - CoronaVac;27/02/2021;3;2063727;59.41
Uzbekistan;UZB;EURO;REPORTING;04/09/2022;65334146;21051293;195.2;62.898;16495460;49.285;Anhui ZL - Zifivax,Gamaleya - Gam-Covid-Vac,Gamaleya - Sputnik-Light,Moderna - Spikevax,Pfizer BioNTech - Comirnaty,SII - Covishield,Sinovac - CoronaVac,Unknown Vaccine;28/04/2021;8;13316693;39.788
Vanuatu;VUT;WPRO;REPORTING;28/08/2022;292146;144290;95.117;46.978;131300;42.749;AstraZeneca - Vaxzevria,Beijing CNBG - BBIBP-CorV,Janssen - Ad26.COV 2-S;02/06/2021;3;16556;5.39
Venezuela (Bolivarian Republic of);VEN;AMRO;REPORTING;07/10/2022;37860994;22157232;133.145;77.92;14287370;50.244;Beijing CNBG - BBIBP-CorV,CIGB - CIGB-66,Finlay - Soberana-02,Gamaleya - Gam-Covid-Vac,Gamaleya - Sputnik-Light,Sinovac - CoronaVac;22/02/2021;6;651502;2.291
Viet Nam;VNM;WPRO;REPORTING;02/10/2022;260210114;90034165;267.325;92.496;84374202;86.681;AstraZeneca - Vaxzevria,Beijing CNBG - BBIBP-CorV,CIGB - CIGB-66,Gamaleya - Gam-Covid-Vac,Moderna - Spikevax,Pfizer BioNTech - Comirnaty;08/03/2021;6;55849282;57.376
Wallis and Futuna;WLF;WPRO;REPORTING;26/07/2022;16782;6592;149.226;58.616;6989;62.147;Moderna - Spikevax;19/03/2021;1;3201;28.463
Yemen;YEM;EMRO;REPORTING;28/09/2022;1065395;861625;3.572;2.889;604202;2.026;AstraZeneca - Vaxzevria,Beijing CNBG - BBIBP-CorV,Bharat - Covaxin,CanSino - Convidecia,Gamaleya - Gam-Covid-Vac,Gamaleya - Sputnik-Light,Janssen - Ad26.COV 2-S,Moderna - Spikevax,Pfizer BioNTech - Comirnaty,SII - Covishield,Sinovac - CoronaVac;20/04/2021;11;33507;0.112
Zambia;ZMB;AFRO;REPORTING;25/09/2022;9315275;8233510;50.671;44.786;6043203;32.872;Beijing CNBG - BBIBP-CorV,Janssen - Ad26.COV 2-S,SII - Covishield;14/04/2021;3;668550;3.637
Zimbabwe;ZWE;AFRO;REPORTING;09/10/2022;12582801;6533054;84.659;43.955;4887515;32.884;Beijing CNBG - BBIBP-CorV,Bharat - Covaxin,Gamaleya - Gam-Covid-Vac,Sinovac - CoronaVac;18/02/2021;4;1162232;7.82
